﻿Раздел;Название зала;Комплекс;Город;Страна;Регион;Вместимость;Архитектор;Акустический консультант;Открытие/сдача;Комментарий;Источник;Доп. источники;ФОТО;Статус
Концертные залы;FIDUCIAL Astéria;OL Vallée (рядом с LDLC Arena);Декин-Шарпьё (Лион);Франция;Европа;1500–3500 (модульная, до 3500);Художник-архитектор Николя Паолоцци (девелопер и оператор — ThrillStage); -;30 октября 2025;Модульный зал-«спутник» LDLC Arena с изменяемой конфигурацией на 1500–3500 мест, акустика адаптирована под концерты, стендап и конференции.;https://www.fiducial-asteria.com/fiducial-asteria;;photos/FIDUCIAL Astéria;ОК
Концертные залы;Powell Hall;Jack C. Taylor Music Center;Сент-Луис;США;Северная Америка;2150;Snøhetta (архитектор-дизайнер) с Christner Architects / CannonDesign (архитектор-исполнитель);Kirkegaard Associates;"19 сентября 2025 (торжественная церемония открытия); первые концерты сезона — 26–28 сентября 2025";"Реконструкция и расширение (тип: реконструкция) исторического зала 1925 года — дома Сент-Луисского симфонического оркестра; новая пристройка на 64 000 кв. футов при сохранении знаменитой акустики, приуроченная к столетию зала.";https://www.snohetta.com/projects/powell-hall-at-the-jack-c-taylor-music-center;https://www.stltoday.com/news/local/metro/collection_b507a3c6-4ffd-4fe7-b395-d38e3e86feac.html;photos/Powell Hall;ОК
Концертные залы;Большой концертный зал Дворца школьников (после реконструкции);Дворец школьников г. Алматы;Алматы;Казахстан;Россия и СНГ;"720 (по данным более раннего описания зала; общая площадь зала после реконструкции 2025 г. — 1168 кв.м, конфигурация и историческая вместимость сохранены)";н/д (реконструкция и модернизация);н/д;мар.25;"Первая за 42 года реконструкция зала — памятника архитектуры местного значения; сохранены исторический облик и оригинальный акустический дизайн, установлена система управления звуковыми волнами.";https://aqshamnews.kz/kz/article/almatydagy-oqushylar-saraiynda-ulken-konsert-zaly-ashyldy.html;"https://vlast.kz/inside/16833-vnutri-dvorec-skolnikov.html (720 мест); https://el.kz/ru/bolshoy-kontsertnyy-zal-dvortsa-shkolnikov-almaty-polnostyu-modernizirovali_400017666/ (площадь зала 1168 кв.м, реконструкция март 2025); acoustics — консультант по имени не назван, упомянута лишь сохранённая 'уникальная система контроля звуковых волн' без указания бюро — оставлено н/д";;не проверен
Концертные залы;Busan Concert Hall;Busan International Arts Center / Busan Citizens Park;Пусан;Республика Корея;Азия;2011;HAEAHN Architecture (при участии dmp, ING group);"н/д (архитекторы ориентировались на акустическую концепцию Elbphilharmonie; консультант в открытых источниках не назван)";"20 июня 2025 (официальное открытие); строительство завершено в 2024, пробный запуск и монтаж органа — март 2025";"Вантажный зал в форме корабля на месте бывшей военной базы США; вместимость 2011 мест, вингъярд-планировка, первый орган (4423 трубы) вне Сеульского региона.";https://www.koreaherald.com/article/10515795;;photos/Busan;ОК
Концертные залы;Fukuoka Civic Hall (福岡市民ホール) — Large Hall;Fukuoka Civic Hall;Фукуока;Япония;Азия;1994;Azusa Sekkei / Shun Sekkei / Toda Yoshiki Landscape Design (совместное предприятие);Yamaha Corporation, Space Acoustics Group (日根野翔太, 宮崎秀生);28 марта 2025;"Подковообразный многофункциональный зал на замену Fukuoka Civic Hall 1963 года; управление ранними отражениями звука через диффузоры на боковых стенах и оптимизацию потолка.";https://acoustic-design.yamaha.com/_cases/pdf/202412fukishima_shitizen.pdf;;;не проверен
Концертные залы;Finlandia Hall (главный зал, реконструкция);Finlandia-talo;Хельсинки;Финляндия;Европа;н/д (историческая вместимость ок. 1700, после реконструкции не уточнена в источниках);"Alvar Aalto (ориг. проект, 1971); реконструкция — Arkkitehdit NRT";н/д;4 января 2025 (после 3 лет реконструкции);"Реконструкция; тип: реконструкция. Памятник модернизма Алвара Аалто вновь открыт с новыми общественными пространствами, рестораном и выставкой.";https://www.archdaily.com/1025295/alvar-aaltos-finlandia-hall-reopens-in-helsinki-after-extensive-renovations-led-by-arkkitehdit-nrt;"https://www.archdaily.com/1025295/alvar-aaltos-finlandia-hall-reopens-in-helsinki-after-extensive-renovations-led-by-arkkitehdit-nrt; https://www.skanska.com/group/en/media/foresight/articles/a-symphony-of-circularity-renovating-finlandia-hall — акустический консультант не назван";;не проверен
Концертные залы;Beethovenhalle (Großer Saal);Beethovenhalle Bonn;Бонн;Германия;Европа;1697;"Siegfried Wolske (оригинал 1959); реставрация — Бундесштадт Бонн / Drees & Sommer (проектное управление)";Peutz (Peutz Consult) совместно с Müller-BBM Acoustic Solutions (электронная система Vivace);16 декабря 2025 (официальное открытие после реставрации);Памятник модернизма 1959 года реставрирован и впервые оснащён электронной акустической системой Vivace, разработанной Müller-BBM совместно с Peutz.;https://www.bonn.de/pressemitteilungen/august/stadt-bonn-uebergibt-modernisierte-beethovenhalle-an-bonncc.php;;;не проверен
Концертные залы;Xi'an Grand Theater Concert Hall (西安大剧院音乐厅);Xi'an Grand Theater / 西安大剧院;Сиань;Китай;Азия;1300;"Wang Shu, Amateur Architecture Studio; China Northwest Building Design Research Institute";Nagata Acoustics;"мягкое открытие — начало 2025; торжественное открытие — октябрь 2025";Стены зала из монолитного бетона с бамбуковой фактурой (форма-вкладыш из бамбуковых полос) рассеивают звуковые отражения, над сценой — стеклянный отражатель, зал асимметричной формы с одним балконом-обходом.;https://www.nagata-i.com/portfolio/xian-concert-hall/;;;не проверен
Концертные залы;East Kowloon Cultural Centre — The Hall;East Kowloon Cultural Centre (EKCC);Гонконг;Гонконг;Азия;1200;Rocco Design Architects Associates (Rocco Yim);Theatreplan (театральный/акустический консалтинг всего комплекса);"3 ноября 2025 (торжественное открытие); полноценная работа с ноября 2025";Флагманский зал для долгоиграющих постановок, интеграция технологий arts-tech, многонаправленная звуковая система и 4K-проекция.;https://www.info.gov.hk/gia/general/202511/03/P2025110300253.htm;;;не проверен
Концертные залы;Главный зал Концертного центра «Сириус»;Концертно-театральный центр «Сириус»;Сириус (федеральная территория, Сочи);Россия;Россия и СНГ;1200;Андрей Литвинов (Архитектурная ассоциация Андрея Литвинова / Lifequality);Ясухиса Тойота (Nagata Acoustics);"3 октября 2025 (торжественное открытие с участием В. Путина; первые концерты — с сентября 2025)";Форма здания вписана в силуэт Кавказских гор, зал-трансформер с перемещаемой оркестровой раковиной, позволяющей за 30 минут превратить филармонию в театр.;https://fedpress.ru/news/23/society/3404653;;;не проверен
Концертные залы;Ponte Vedra Concert Hall;н/д;Понте-Ведра-Бич, Флорида;США;Северная Америка;450 сидячих / до 1100 включая стоячие места (рост на 25%);Fisher | Koppenhafer Architecture and Interior Design;н/д (аудиосистема L-Acoustics L2D 50 кВт);31 августа 2025 (открытие для публики — 1 августа 2025);"Реконструкция и пристройка ($12,9–13 млн) к залу, переоборудованному в 2011 году из здания бывшей баптистской церкви 1980 года; добавлен второй балкон.";https://www.jaxdailyrecord.com/news/2025/nov/13/ponte-vedra-concert-hall/;;;не проверен
Концертные залы;Gran Sala Sinfónica Nacional;Complejo Universitario VM20 (CEAC, Universidad de Chile);Сантьяго;Чили;Латинская Америка;1078;Jorge Iglesis, Marcial Diéguez (FAU Universidad de Chile);Gustavo Basso;10 июля 2025;Первый в Чили зал, изначально спроектированный как симфонический, без электроакустического усиления — естественная акустика 360°, дом Национального симфонического оркестра Чили.;https://fau.uchile.cl/noticias/230161/universidad-de-chile-inauguro-su-gran-sala-sinfonica-nacional;;;не проверен
Концертные залы;Heritage Hall (Sala Héritage);Campus Academiei Naționale de Muzică „Gheorghe Dima”;Клуж-Напока;Румыния;Европа;1031;Cristian Mihăescu;"н/д (заявлено вдохновение решениями Стокгольмской музыкальной академии; консультант в источниках не назван)";29 сентября 2025 (кампус), 5 октября 2025 (торжественное открытие зала);"Крупнейший концертный зал, построенный в Румынии после 1989 года; овальная форма, отделка Gustafs, подвесной потолок с 10 волнами, RT 1,55 с.";https://gustafs.com/projects/gheorge-dima-national-academy-of-music/;;;не проверен
Концертные залы;Héritage Hall — уточнение по данным Gustafs/Pizzicato (Cluj-Napoca);Кампус Национальной музыкальной академии им. Джордже Дима;Клуж-Напока;Румыния;Европа;1031;Cristian Mihăescu;Gustafs (деревянная отделка), реверберация 1,55 с;"кампус инаугурирован в сентябре 2025; сам зал Héritage Hall инаугурирован в октябре 2025 (7 октября 2025 — официальная церемония с министром)";ДОПОЛНЕНИЕ к уже собранному объекту 'Sala Symfoniczna/Héritage Hall': крупнейший концертный зал, построенный в Румынии после 1989 года, полностью на государственные средства (~50 млн евро), овальная форма с деревянным подвесным потолком из десяти волн.;https://www.mediafax.ro/english/the-new-headquarters-of-the-national-academy-of-music-in-cluj-napoca-has-been-inaugurated-23621982;;;не проверен
Концертные залы;Shanghai Long Beach Concert Hall (上海长滩音乐厅);Baoshan Long Beach cultural-tourism complex;Шанхай;Китай;Азия;1025;"DLR Group (design architect); local design institute — Tongji Architectural Design (Group) Co., Ltd";Yasuhisa Toyota (Nagata Acoustics);2025 (открытие для публики после тестовых концертов осени 2024);"Форма «кристаллического дворца» — нижняя часть из 22 стеклянных треугольных граней, верхняя — из перфорированных алюминиевых панелей; зал «шустрого» типа рассчитан на полноразмерный симфонический оркестр.";https://news.qq.com/rain/a/20250218A075ZN00;"https://www.archdaily.cn/cn/1014232/shang-hai-chang-tan-feng-ta-dlr-group; https://news.qq.com/rain/a/20250218A075ZN00";;не проверен
Концертные залы;Nakdong Art Center (낙동아트센터) — Concert Hall;Nakdong Art Center;Пусан (Канседжу);Республика Корея;Азия;987;н/д (застройщик — Korea Land and Housing Corporation, LH);н/д;"строительство завершено, разрешение на ввод получено 13 июня 2025; право собственности передано городу 26 августа 2025; торжественное открытие — 10 января 2026";Первый специализированный классический зал западного Пусана, шубоксовая форма зала на два яруса для лучшей акустики.;https://www.asiae.co.kr/en/article/2025090309483913830;https://www.busan.com/view/busan/view.php?code=2025090215244648777 — статьи упоминают лишь общие характеристики («передовая акустическая система», реверберация >2с), но не называют конкретного акустического консультанта;;не проверен
Концертные залы;Jilin Provincial Concert Hall (吉林省音乐厅);н/д;Чанчунь / провинция Цзилинь;Китай;Азия;799;华东建筑设计研究院有限公司 (East China Architectural Design & Research Institute, ECADI);ECADI Acoustics — East China Architectural Design Institute, рук. Ян Чжиган;31 декабря 2025;"Зал в здании-памятнике архитектуры с ограниченным объёмом помещения; замерённое время реверберации 1,7 с — предельно достижимый показатель для охраняемого исторического здания, акустика признана соответствующей мировому топ-уровню.";https://news.cnjiwang.com/jwyc/202512/4004685.html;"http://jlrbszb.dajilin.com/pc/paper/c/202512/28/content_1038918.html; https://news.cnjiwang.com/jwyc/202512/4001283.html";;не проверен
Концертные залы;Fukuoka Civic Hall — Middle Hall;Fukuoka Civic Hall;Фукуока;Япония;Азия;799;Azusa Sekkei / Shun Sekkei / Toda Yoshiki Landscape Design;Yamaha Corporation, Space Acoustics Group;28 марта 2025;Средний зал комплекса с близким контактом сцены и зрителей, используется для драмы и камерных представлений.;https://member.jp.yamaha.com/topics/myujin/2025/wm-96196;;;не проверен
Концертные залы;Спалдинг-аудиториум (Spaulding Auditorium);Hopkins Center for the Arts, Dartmouth College;Ганновер, Нью-Гэмпшир;США;Северная Америка;792;Snøhetta;Arup;октябрь 2025 (торжественное открытие 16–19 октября после реконструкции);Реконструкция и расширение исторического Hopkins Center ($123.8 млн), концертный зал и кинотеатр с обновлённой акустикой.;https://hop.dartmouth.edu/venue-information;;;не проверен
Концертные залы;Jiangyin Concert Hall (江阴音乐厅);"Культурно-художественный комплекс ""Folk Music Island""";Цзянъинь;Китай;Азия;750;"Cheng Taining, CCTN Architectural Design; Beijing Institute of Architecture and Design (BIAD)";Nagata Acoustics;1 января 2025 (открытие первым концертом);"Интерьер выполнен из стеклофиброгипсовых (GRG) панелей органичной текучей формы; четыре подвесных отражателя направляют звук к публике, сохраняя акустический объём зала.";https://www.nagata-i.com/portfolio/jiangyin-concert-hall/;;;не проверен
Концертные залы;Teatro Baccarelli;Instituto Baccarelli;Сан-Паулу (Элиополис);Бразилия;Латинская Америка;533;Frank Siciliano;José Augusto Nepomuceno;25 ноября 2025;"Первая в мире концертная сцена, построенная на территории фавелы; акустик — автор Sala São Paulo и Teatro Cultura Artística, зал имеет мобильный оркестровый подъём/яму.";https://g1.globo.com/sp/sao-paulo/noticia/2025/11/25/teatro-do-instituto-baccarelli-e-inaugurado-em-heliopolis-na-zona-sul-de-sp-e-se-torna-a-primeira-sala-de-concertos-em-uma-favela-no-mundo.ghtml;;;не проверен
Концертные залы;Концертный зал Агдамского центра мугама;Агдамский центр мугама;Агдам;Азербайджан;Россия и СНГ;507;н/д;н/д;10 мая 2025;Центр на освобождённой территории Карабаха создан для возрождения искусства мугама, включает также кинозал, библиотеку и открытый амфитеатр на 615 мест.;https://1news.az/news/20250510125638520-Ilkham-Aliev-i-Mekhriban-Alieva-prinyali-uchastie-v-otkrytii-Agdamskogo-tsentra-mugama-FOTO;"https://1news.az/news/20250510125638520-Ilkham-Aliev-i-Mekhriban-Alieva-prinyali-uchastie-v-otkrytii-Agdamskogo-tsentra-mugama-FOTO; https://ru.wikipedia.org/wiki/Агдамский_центр_мугама — в официальных сообщениях президента и министерства культуры АР архитектор проекта и акустический консультант не называются";;не проверен
Концертные залы;Concert Hall, Stephen A. Schwarzman Centre;Stephen A. Schwarzman Centre, University of Oxford;Оксфорд;Великобритания;Европа;500;Hopkins Architects;Arup (Ian Knowles);13 октября 2025;Концертный зал на 500 мест в составе нового центра искусств и гуманитарных наук стоимостью £185 млн, публичная культурная программа стартовала в 2025 году.;https://www.bbc.co.uk/news/articles/c1jz7nld658o;https://www.arup.com/news/arup-delivers-facade-and-acoustic-engineering-for-oxford-universitys-new-cultural-campus/;;не проверен
Концертные залы;Sohmen Concert Hall;Stephen A. Schwarzman Centre for the Humanities;Оксфорд;Великобритания;Европа;500 (460 без хоровых мест);Hopkins Architects;Arup (Ian Knowles);"13 октября 2025 (для университета); публичный запуск апрель 2026";"Первый в мире концертный зал по стандарту Passivhaus; акустический баннерная система позволяет менять реверберацию для неусиленного и усиленного звука.";https://www.arup.com/news/arup-delivers-facade-and-acoustic-engineering-for-oxford-universitys-new-cultural-campus/;;;не проверен
Концертные залы;Antaishan Public Cultural Centre — Concert Hall (安托山公共文化中心・音乐厅);Antaishan Public Cultural Centre / 安托山公共文化中心;Шэньчжэнь;Китай;Азия;500;HHD深圳华汇设计 (Shenzhen Huahui Design);н/д;26 декабря 2025;"Профессиональный концертный зал; открылся выступлением пианиста Ланг Ланга и Шэньчжэньского симфонического оркестра под управлением Линь Дае.";https://www.szft.gov.cn/ftxx/xwdt/bmgzdt/content/post_12575480.html;"https://www.gooood.cn/antuoshan-public-cultural-center-by-hhd-shenzhen-huahui-design.htm; https://www.szft.gov.cn/ftxx/xwdt/bmgzdt/content/post_12575480.html";;не проверен
Концертные залы;Камерный зал Концертного центра «Сириус»;Концертно-театральный центр «Сириус»;Сириус (федеральная территория, Сочи);Россия;Россия и СНГ;500;Андрей Литвинов (Архитектурная ассоциация Андрея Литвинова / Lifequality);Ясухиса Тойота (Nagata Acoustics);17 сентября 2025 (первый концерт), официальное открытие комплекса 3 октября 2025;"Волнообразные линии и эффект ряби на воде в отделке зала; вмещает оперные, балетные и симфонические программы.";https://sochi-fornia.ru/news/otkrytie-novogo-koncertnogo-zala-v-siriuse-17-sentyabrya/;;;не проверен
Концертные залы;Klingenstein Concert Hall;Alice Dodge Wallace '38 Center for the Performing Arts, Emma Willard School;Трой;США;Северная Америка;485;Annum Architects;Acentech;2025 (торжественное открытие 24–25 апреля 2025);Часовня 1910 года превращена в 485-местный многофункциональный театр с обновлённой акустикой, выдвижной сценой и подземным крылом с танцстудиями.;https://www.emmawillard.org/arts/arts-facilities;;;не проверен
Концертные залы;Sala Symfoniczna;Kampus Akademii Muzycznej im. Feliksa Nowowiejskiego;Быдгощ;Польша;Европа;423 (399 партер + балкон);plus3-architekci (Katarzyna Głażewska, Krzysztof Bagiński);ewkAkustika (Ewa Więckowska-Kosmala);30 сентября 2025;"Одна из четырёх новых залов кампуса, построена по технологии «коробка в коробке»; вмещает полный симфонический оркестр и хор.";https://archinea.pl/nowa-siedziba-akademii-muzycznej-w-bydgoszczy/;;;не проверен
Театральные залы;Earth Valley Theater /飞鸟剧场 (открытый амфитеатр);Яоху Тайм-таун;Уси (Исин);Китай;Азия;н/д (открытая арена, площадь 9200 м²);GOA (Group of Architects);EZPro (易科);2025;Открытый ландшафтный театр для совместных выступлений людей и вольных птиц, встроен в рельеф долины без ограждающей крыши.;https://www.archdaily.com/1042338/the-earth-valley-theater-goa-group-of-architects;;;не проверен
Театральные залы;Wole Soyinka Centre for Culture and Creative Arts (бывший National Theatre);н/д;Лагос (Иганму);Нигерия;Африка;5000 (главный зал, коллапсирующая сцена);н/д (реконструкция под руководством CBN и Bankers' Committee);н/д;1 октября 2025;Полная реконструкция (тип: реконструкция) знаменитого театра 1976 года в форме военной фуражки, переименован в честь нобелевского лауреата Воле Шойинки, стоимость реставрации ~68 млрд найр.;https://guardian.ng/features/national-theatre-returns-as-wole-soyinka-centre-for-culture-creative-arts/;"https://guardian.ng/features/national-theatre-returns-as-wole-soyinka-centre-for-culture-creative-arts/; https://guardian.ng/art/four-years-after-bankers-committee-completes-restoration-of-national-theatre-set-for-unveiling/ — упомянут архитектор реставрации Ade Laoye (ECAD Architects) и общая AVL/сценическая инженерия, но именованный акустический консультант не найден";;не проверен
Театральные залы;Dongan Lake Grand Theatre — main hall (东安湖大剧院大剧场);Dongan Lake Sports Park / Университиада-2025;Чэнду;Китай;Азия;2045;н/д (генподрядчик — China Construction Eighth Engineering Division /航天建筑七院);Проектная команда China Construction Eighth Engineering Division (中建八局): система изоляции «дом в доме», собственная 3D-акустическая моделирующая система, фоновый шум ниже NR15;13 июня 2025 (открытие премьерой «Мой сад Дагуаньюань»);"Театр в форме паруса на берегу Восточного озера построен к Универсиаде-2025; зрительный зал подковообразный, с потолком «звёздное небо» из десятков тысяч светодиодов; фоновый шум удержан ниже NR15.";https://news.qq.com/rain/a/20250615A069NL00;https://m.thepaper.cn/newsDetail_forward_32463125;;не проверен
Театральные залы;Thebarton Theatre Complex Redevelopment;"Thebarton Theatre (""Thebby"")";Аделаида;Австралия;Океания;2000;JPE Design Studio (рук. Charles Tindley);Resonate Consultants;2025;Реконструкция исторического наследного зала 1928 года (бывшая ратуша Thebarton) под современный концертно-театральный комплекс.;https://www.archdaily.com/1035787/thebarton-theatre-complex-redevelopment-jpe-design-studio;https://architectureau.com/articles/historic-adelaide-theatre-set-for-transformation/;;не проверен
Театральные залы;West Bund Grand Theatre — main auditorium (西岸大剧院大剧场);West Bund Grand Theatre;Шанхай;Китай;Азия;1600 (основной зал) + 200 (блэкбокс);"Schmidt Hammer Lassen / Perkins&Will; локальный архитектор Arcplus Institute of Shanghai";"East China Architectural Design & Research Institute (ECADI); театральный консультант Theatre Projects";2025 (полностью открыт для публики 27 апреля 2025);Скульптурный монолитный объём из шести вогнутых поверхностей со стеклофибробетонным фасадом образует инь-ян пару с соседним West Bund Dome, первое здание на набережной, спроектированное специально для исполнительских искусств.;https://www.dezeen.com/2025/07/17/schmidt-hammer-lassen-west-bund-grand-theatre-shanghai/;https://www.shanghai.gov.cn/nw4411/20250222/35ca6f024a5d4184bc4139427675e559.html;;не проверен
Театральные залы;Xi'an Grand Theatre Opera Hall (西安大剧院歌剧厅);Xi'an Grand Theater / 西安大剧院;Сиань;Китай;Азия;1600;Wang Shu, Amateur Architecture Studio;Marshall Day Acoustics (MDA);"27 сентября 2025 (открытие для публики); официальная открытие-неделя 27 октября — 2 ноября 2025";"Сцена «品»-образной формы с 6 подъёмными платформами; впервые в Китае в оперном зале такого масштаба внедрена иммерсивная звуковая система L-Acoustics L-ISA.";https://news.hsw.cn/system/2025/0928/1876067.shtml;;;не проверен
Театральные залы;Qionghai Grand Theatre (琼海大剧院);Qionghai Culture and Sports Centre / 琼海市文体中心;Цюнхай, Хайнань;Китай;Азия;1500;中国中元国际工程有限公司海南分公司 (中元海南);н/д;сентябрь 2025 (сдача, приёмка объекта);"Фасад с элементами «кокосового листа» и лиловым градиентным витражом; три подъёмные площадки сцены; в ноябре 2025 здесь выступил Центральный балет с «Красным женским отрядом».";https://www.hi.chinanews.com.cn/hnnew/2025-09-16/728745.html;http://www.archina.com/index.php?a=show&g=works&id=159527&m=index;;не проверен
Театральные залы;Lansdowne Theater;н/д;Лансдаун, Пенсильвания;США;Северная Америка;"1280 (после реконструкции; исторически зал был на 1400 мест)";Atkin Olshin Schade Architects (AOS);Acentech;22 августа 2025;Кинотеатр 1927 года, закрытый после пожара 1987 года, вновь открыт как концертный зал после почти 40-летнего простоя и 18-летней реставрации ($18 млн).;https://whyy.org/articles/lansdowne-theater-returns/;"https://www.inquirer.com/entertainment/music/landsdowne-theater-delco-renovation-opening-20250806.html (1,280-capacity auditorium); https://www.aosarchitects.com/case-study/lansdowne-theater; https://www.lansdownetheater.org/post/lansdowne-theater-executive-director-update (Accentech/Acentech — acousticians)";;не проверен
Театральные залы;Pyeongtaek Art Center (평택아트센터) — Large Theatre;Pyeongtaek Art Center;Пхёнтхэк;Республика Корея;Азия;1318;"Nowdongin Architects (기본설계); Heerim Architects & Planners (실시설계)";"н/д (акустическая отделка — шубокс-модификация, панели из берёзы, диффузный потолок; консультант не назван)";"18 декабря 2025 (準공식/торжественная сдача); официальное открытие — 30 января 2026";Крупнейший культурный объект Пхёнтхэка на 1301 млн вон, кровля и деревянная фактура фасада перекликаются с окружающим парком Хамаксан.;https://www.asiae.co.kr/en/article/2025121908404656433;;;не проверен
Театральные залы;Большой театр Культурного центра Эчжоу (鄂州文化中心大剧院);Эчжоу вэньхуа чжунсинь (鄂州文化中心);Эчжоу, провинция Хубэй;Китай;Азия;1200 (основной зал) + 200+ (блэкбокс);CITIC General Institute of Architectural Design and Research (中信设计);胡小明, 陈頔, 饶紫云 (внутренняя команда акустического проектирования CITIC Design);март 2025 (пробная эксплуатация с 7.03.2025);"Театр и художественная галерея образуют пару объёмов «выступ-впадина» в духе пейзажей region Цзинчу; кровля театра — волнообразная сетчатая оболочка.";https://www.ezhou.gov.cn/gk/zdlyxxgk/zdjsxm/jgygxx/202504/t20250428_700557.html;https://www.gooood.cn/ezhou-cultural-center.htm;;не проверен
Театральные залы;East Kowloon Cultural Centre — Theatre (东九文化中心・劇院);East Kowloon Cultural Centre / 东九文化中心;Гонконг;Китай (Гонконг);Азия;1200;Rocco Design Architects Associates (Rocco Yim);Theatreplan;3 ноября 2025;"Первая в Гонконге площадка, задуманная как центр слияния искусства и технологий; архитектура отсылает к истории района бывшего посёлка Нгау Тау Кок; всего 5 залов вместимостью от 120 до 1200 мест.";https://hkcd.com/hkcdweb/content/2025/11/03/content_8722657.html;https://www.thestandard.com.hk/news/article/311347/New-curtain-rises-East-Kowloon-Cultural-Centre-prepares-to-spotlight-citys-talents-this-Nov;;не проверен
Театральные залы;Antaishan Public Cultural Centre — Grand Theatre (安托山公共文化中心・大剧场);Antaishan Public Cultural Centre / 安托山公共文化中心;Шэньчжэнь;Китай;Азия;1000;"н/д (застройщик — China Resources; генподрядчик — China Construction Fourth Engineering Division)";н/д;26 декабря 2025;Первый крупный многозальный культурный комплекс района Футянь на месте бывшего карьера, концепция «вертикального культурного посёлка» с театром и концертным залом, наложенными друг на друга по высоте.;https://www.szft.gov.cn/ftxx/xwdt/bmgzdt/content/post_12575480.html;;;не проверен
Театральные залы;Большой зал (Большая сцена);Московский государственный академический детский музыкальный театр имени Н. И. Сац;Москва;Россия;Россия и СНГ;более 1000;ППК «Единый заказчик в сфере строительства» (реконструкция);н/д;"28 августа 2025 (сбор труппы в обновлённом зале); официальное открытие приурочено к декабрю 2025";Оркестровую яму увеличили вдвое, верхнюю точку колосников подняли до 27 м, сохранили исторический изогнутый балкон-волну.;https://www.interfax-russia.ru/realty/news/zavershena-rekonstrukciya-v-bolshom-zale-teatra-natalii-sac;"https://iz.ru/1950815/2025-09-08/hudruk-teatra-im-ni-sac-rasskazal-o-rekonstrukcii-bolsoi-sceny; https://muzobozrenie.ru/teatr-im-sac-rekonstrukcija-itogi-i-plany/ — подробно описана реконструкция сцены, оркестровой ямы и оборудования, но акустический консультант в открытых источниках не назван";;не проверен
Театральные залы;Plaza Theatre;н/д;Палм-Спрингс, Калифорния;США;Северная Америка;800;"н/д (историческое здание 1936 года, Spanish Colonial Revival; реставрация 2025 года)";McKay Conant Hoover (Tony Hoover);дек.25;Историческая киноплощадка 1936 года (место премьеры фильма «Камилла» с Гретой Гарбо) реставрирована за $34 млн и вновь открыта как театрально-концертная площадка.;https://www.latimes.com/entertainment-arts/story/2025-12-09/palm-springs-plaza-theatre-reopens-renovation-cynthia-erivo;https://californiapreservation.org/awards/plaza-theater/ (Acoustic Consultant: Tony Hoover – McKay Conant Hoover);;не проверен
Театральные залы;Proscenium Theater (The Proscenium by Rockwell);Rockwell Center;Манила (Макати);Филиппины;Азия;780;Carlos Ott Architects;Müller-BBM Acoustic Solutions (электронная система Vivace);26 сентября 2025;Новый гибкий театральный комплекс с концертным залом и блэкбокс-театром, первый в стране объект с системой электронной акустики Vivace.;https://www.mbbm-aso.com/de/vivace-proscenium-manila/;"https://www.rappler.com/entertainment/rockwell-proscenium-theater-open-the-bodyguard-musical/; https://theaterfansmanila.com/a-first-look-inside-the-proscenium-theater-at-rockwell/";;не проверен
Театральные залы;The Proscenium Theater at Rockwell;The Proscenium (жилой комплекс Rockwell Center);Макати, Манила;Филиппины;Азия;780;Carlos Ott Architects;Müller-BBM Acoustic Solutions (электронная система изменяемой акустики Vivace);26.09.2025;"Новый частный театр со сценой 16×16 м, автоматической колосниковой системой и оркестровой ямой; открыт мюзиклом «The Bodyguard».";https://www.mbbm-aso.com/vivace-premiere-at-the-proscenium-theater-manila/;;;не проверен
Театральные залы;Associated Bank Theater Center (Ellen & Joe Checota Powerhouse Theater);Milwaukee Repertory Theater;Милуоки, Висконсин;США;Северная Америка;"568–671 (основной зал, в зависимости от конфигурации сцены); 186 (Stackner Cabaret)";Eppstein Uhen Architects;н/д (театральный консультант Fisher Dachs Associates);11 октября 2025 (ribbon-cutting);Реконструкция комплекса 1980-х годов и электростанции 1898 года в современный театральный центр с новой колосниковой сценой и расширенным фойе.;https://urbanmilwaukee.com/2025/10/13/see-inside-milwaukee-reps-new-theater-center/;;;не проверен
Театральные залы;Hengchun Cultural Center — Theatre Hall (恆春文化中心劇場館);Hengchun Cultural Center (恆春文化中心);Хэнчунь, уезд Пиндун;Тайвань;Азия;670;Wang Ming-Hsien (王銘顯) совместно с японским архитектором Norihiko Dan (團紀彥);н/д;6 декабря 2025;Здание в форме корабля у древней крепостной стены, круговой зал по мотивам лондонского Shakespeare's Globe с деревянным световым фонарём, для народной музыки региона.;https://www.mottimes.com/article/detail/6600;"https://www.mottimes.com/article/detail/6600; https://www.cultural.pthg.gov.tw/cp.aspx?n=258BE29D0243BCF6 — акустический консультант не назван, найдены только архитекторы (Norihiko Dan, Wang Ming-Hsien)";;не проверен
Театральные залы;Citizens Theatre (главный зал);Citizens Theatre, Glasgow;Глазго;Великобритания;Европа;650;Bennetts Associates;"Sandy Brown (акустика зала); Theatreplan (сценическое/техническое проектирование, новая колосниковая башня)";сентябрь 2025 (реставрация завершена, повторное открытие);Викторианский театр 1878 года реконструирован с сохранением исторической машинерии сцены и двух последних в Великобритании рабочих малярных рам, добавлена новая колосниковая башня.;https://theatreplan.com/projects/citizens-theatre;;;не проверен
Театральные залы;Théâtre du Beauvaisis;н/д;Бове (Beauvais);Франция;Европа;"650 (основной зал; есть также малый трансформируемый зал на 175 мест)";atelier AJC (François Chochon, Laurent Pierre, David Joulin);н/д;2025;Региональный драматический театр в виде «светской нефи», поднимающейся от 10 до 27 м, выстраивает диалог с двумя соседними готическими соборами города.;https://www.archdaily.com/1033524/theatre-du-beauvaisis-atelier-ajc;"https://www.scenes-nationales.fr/theatre-du-beauvaisis-scene-nationale (salle de 650 places и salle modulable de 175 places); acoustics consultant не найден в ArchDaily/gooood/chroniques-architecture — оставлено н/д";;не проверен
Театральные залы;Зрительный зал театра «Мастерская „12“ Никиты Михалкова»;Театр «Мастерская „12“»;Москва;Россия;Россия и СНГ;608;н/д (комплексная реставрация);В Большом зале (608 мест) установлена система иммерсионной акустики, создающая эффект полного погружения с имитацией звуковой реальности в сочетании с 3D-проекцией — одна из немногих подобных систем в мире.;27 марта 2025;После реставрации здание на Поварской улице получило одно из самых технологичных сценических оборудований, по оценке мэра Москвы.;https://www.mos.ru/mayor/themes/12549050/;https://kinoreporter.ru/12-masterskaya-otkrytie/ | https://kinoreporter.ru/12-masterskaya-otkrytie/ — «Большой зал, рассчитанный на 608 мест», установлена «система иммерсионной акустики», но название бюро-разработчика/акустического консультанта не указано;;не проверен
Театральные залы;New Covent Garden Theatre, Dubai;Mall of the Emirates;Дубай;ОАЭ;Ближний Восток;600 (в отдельных источниках указано 575);н/д;н/д;"мягкое открытие июнь 2025; полноценный запуск 16 октября 2025";Новый театрально-развлекательный хаб в торговом центре с 10 танцевальными студиями и филиалом лондонской Pineapple Dance Studios, площадка для мюзиклов, оперы и арабского театра.;https://gulfnews.com/business/retail/dubais-mall-of-the-emirates-opens-major-new-arts-hub-1.500310392;;;не проверен
Театральные залы;Sadler's Wells East;East Bank, Queen Elizabeth Olympic Park;Лондон (Стратфорд);Великобритания;Европа;550;O'Donnell + Tuomey;Charcoalblue;16 января 2025 (открытие для публики), торжественная церемония 6 февраля 2025;Гибкий танцевальный театр с раскладными 550 местами и полётной механикой сцены, часть культурного квартала East Bank.;https://www.charcoalblue.com/portfolio/sadlers-wells-east/;;;не проверен
Театральные залы;Ain Shams University Campus Main Theater;Кампус Университета Айн-Шамс;Эль-Кубба (Каир);Египет;Африка;550;"El-Maghraby Design House; проф. д-р Gamal El-Kholy";н/д;2025;"Университетский театр создан реконструкцией заброшенной лекционной аудитории; фасад-'занавес' из стеклянной стены и параметрических алюминиевых ламелей символизирует открытие сцены зрителю.";https://www.archdaily.com/1031273/rehabilitation-of-abandoned-lecture-hall-and-transforming-it-into-the-ain-shams-university-campus-main-theatre-el-maghraby-design-house-in-collaboration-with-prof-dr-gamal-el-kholy;https://bigsee.eu/rehabilitation-of-ain-shams-campus-main-theatre-by-el-maghraby-design-house/;;не проверен
Театральные залы;Olatunji Bello Auditorium;Lagos State University (LASU), кампус Epe;Эпе, Лагос;Нигерия;Африка;550;н/д;н/д;20.08.2025;Многофункциональный университетский зрительный зал-аудитория, подаренный университету выпускником Тунджи Белло.;https://thenewsnigeria.com.ng/2025/08/21/sanwo-olu-opens-new-550-seater-olatunji-bello-auditorium-endowed-to-lasu/;;;не проверен
Театральные залы;Мур-театр (Moore Theater);Hopkins Center for the Arts, Dartmouth College;Ганновер, Нью-Гэмпшир;США;Северная Америка;480;Snøhetta;Arup;окт.25;Универсальный театральный зал в обновлённом арт-центре Дартмутского колледжа.;https://hop.dartmouth.edu/venue-information;;;не проверен
Театральные залы;Dongan Lake Grand Theatre — multifunctional hall (东安湖大剧院多功能厅);Dongan Lake Sports Park / Университиада-2025;Чэнду;Китай;Азия;448;н/д;Проектная команда China Construction Eighth Engineering Division (中建八局): та же акустическая концепция, что и в основном зале (изоляция «дом в доме», собственная 3D-акустическая моделирующая система);13 июня 2025;Гибкий трансформируемый зал в составе комплекса East Dongan Lake Theatre для малых форматов и мероприятий.;https://news.qq.com/rain/a/20250615A069NL00;https://m.thepaper.cn/newsDetail_forward_32463125;;не проверен
Театральные залы;180 Albignasego Theater Auditorium;н/д;Альбиньязего (Albignasego);Италия;Европа;"438 (по данным Arketipo; в других источниках округляют до 430)";MD41;Studio Architetto Eleonora Strada;2025;"Новый муниципальный аудиторий-театр, победивший в конкурсе 2018 года; кирпичная облицовка переосмысляет текстуру традиционных сельских домов региона.";https://architizer.com/projects/180_albignasego-theater-auditorium/;"https://www.arketipomagazine.it/architettura-sostenibile-per-il-nuovo-teatro-comunale-di-albignasego/ (438 posti a sedere); https://architizer.com/projects/180_albignasego-theater-auditorium/ (Acoustic design: Studio Architetto Eleonora Strada); https://www.md41.it/md41-progetto-nuovo-teatro-e-parco-di-albignasego-pd.html (в коллаборации: arch. Eleonora Strada)";;не проверен
Театральные залы;Kleines Haus;Staatstheater Darmstadt;Дармштадт;Германия;Европа;435;Atelier Achatz Architekten (Мюнхен);Studio Singer (совместно с theapro);30 октября 2025 (тип: реконструкция);После 4,5 лет реконструкции зал получил первую в Германии большую сцену с системой пожаротушения высоконапорным туманом и новую акустическую облицовку из 3D-печатных панелей.;https://www.zeit.de/news/2025-10/30/kleines-haus-im-staatstheater-darmstadt-oeffnet-wieder;;;не проверен
Театральные залы;Doris Duke Theatre;Jacob's Pillow Dance Festival;Бекет, Массачусетс;США;Северная Америка;220–400 (гибкая конфигурация);Mecanoo (Francine Houben) совместно с Marvel;н/д (театральный консультант Charcoalblue);9 июля 2025;"Единственный в США специально построенный театр танца, открытый в 2025 году; деревянный объём на месте студии, сгоревшей в 2020, с системой пространственного звука и ИК-трекингом артистов.";https://www.tenderstream.com/projects/article/2025/new-us-dance-theatre-opens-on-historic-site-by-mecanoo-charcoalblue-marvel-in-becket-ma;https://www.archdaily.com/1032119/doris-duke-theatre-mecanoo;;не проверен
Театральные залы;Umuzi Teater;Lake Umuzi Waterfront;Секунда;ЮАР;Африка;400;н/д;"Отдельного акустического консультанта/бюро не привлекали; акустику помещения (низкий потолок, сложная геометрия бывшего подвального помещения) прорабатывал технический консультант Питер-Ян Капп (Pieter-Jan Kapp, «Kappie») совместно с интегратором DWR Distribution при подборе звуковой системы (RCF NXW 44-A, SUB 18-AX и др.) для компенсации акустических ограничений зала.";сентябрь 2025 (мягкое открытие);Новый театр для музыки, танца и комедии в составе развивающегося культурно-туристического комплекса Lake Umuzi, возвращает живое искусство в город Секунда.;https://lakeumuzi.co.za/umuzi-teater-at-lake-umuzi-secunda/;"https://dwrdistribution.co.za/from-basement-to-beacon/ | https://www.roekeloos.co.za/musiek/ge-sing-hoor-my-lied-open-die-nuwe-umuzi-teater-in-secunda/ (капасітет 400); https://maroelamedia.co.za/leefstyl/goeie-nuus/video-nuwe-kultuurtuiste-gooi-deure-oop-in-secunda/ (400 seats); https://dwrdistribution.co.za/from-basement-to-beacon/ — проект реализован силами застройщика Johan Rosslee и техническим консультантом Pieter-Jan Kapp (Kappie) + DWR Distribution (аудиосистема), но профессионального архитектора и акустического консультанта в источниках не указано";;не проверен
Театральные залы;Stewart Family Theatre;The Court Theatre;Крайстчерч;Новая Зеландия;Океания;377-379;"Haworth Tompkins; Athfield Architects";Marshall Day Acoustics;май 2025 (официальное открытие 4 мая 2025);Новый постоянный дом крупнейшей театральной труппы Новой Зеландии, зал спроектирован для естественной речевой разборчивости без усиления.;https://marshallday.com/projects/the-court-theatre;;;не проверен
Театральные залы;The Court Theatre;н/д;Крайстчерч;Новая Зеландия;Океания;350-377 (основной зал) + 120-150 (студийный зал);Haworth Tompkins совместно с Athfield Architects;Marshall Day Acoustics;октябрь 2025 (завершение), церемония 29.10.2025;"Первый специально построенный дом театра за 54 года, возвращение в центр города спустя 14 лет после землетрясения 2011 года; фасад из деревянных скамей и большие окна связывают зал с улицей.";https://www.dezeen.com/2025/10/29/haworth-tompkins-athfield-architects-the-court-theatre/;;;не проверен
Театральные залы;Sala Pepsi Black;Pepsi Center WTC;Мехико;Мексика;Латинская Америка;370-372;н/д;н/д;"25 марта 2025 (открытие для музыки); 16 августа 2025 (открытие как театральная площадка)";Самый камерный концертно-театральный зал Мехико внутри World Trade Center, задуман как многофункциональная площадка для концертов, стендапа, подкастов и театра.;https://www.infobae.com/mexico/2025/03/25/llega-la-sala-pepsi-black-el-espacio-de-conciertos-mas-intimo-de-la-ciudad-de-mexico-donde-solo-caben-370-fans/;;;не проверен
Театральные залы;UniPort Arts Theatre;Факультет гуманитарных наук Университета Порт-Харкорта;Порт-Харкорт;Нигерия;Африка;350;н/д (проект TETFund 2023 Annual Intervention);н/д;сен.25;Университетский театр для факультета театра и кино: сценический комплекс с гримёрными и мастерскими для учебных постановок и экзаменов.;https://elanhub.net/uniport-unveils-arts-theatre-to-boost-theatre-and-film-training/;;;не проверен
Театральные залы;Strathcona Performing Arts Centre;Bonnyville Centralized High School;Боннивилль (Альберта);Канада;Северная Америка;340;н/д;н/д;"21 марта 2025 (первый концерт); официальное торжественное открытие — 2 мая 2025";"Современный концертный/театральный зал построен на месте школьного спортзала при поддержке Clayton Bellamy Foundation for the Arts; первым выступил местный уроженец, музыкант Mike Plume.";https://respectnews.ca/news/strathcona-performing-arts-centre-is-ready-to-raise-the-curtain/;;;не проверен
Театральные залы;Le Grand-Espace;Centre des arts de la scène Jean-Besré;Шербрук (Квебек);Канада;Северная Америка;300–310;Atelier Paul Laurendeau / NEUF Architect(e)s (консорциум);н/д (сценография — Trizart Alliance);23 мая 2025 (торжественное открытие);Чёрный кубический black box театр с моторизованной телескопической трибуной (12 рядов), позволяющей менять конфигурацию зала от фронтальной до «лицом к лицу».;https://www.newswire.ca/fr/news-releases/le-grand-espace-une-nouvelle-salle-de-spectacles-specialisee-en-theatre-et-en-danse-voit-le-jour-a-sherbrooke-849331544.html;https://www.paullaurendeau.com/projects-1/le-grand-espace-theater;;не проверен
Театральные залы;Pyeongtaek Art Center — Small Theatre;Pyeongtaek Art Center;Пхёнтхэк;Республика Корея;Азия;305;"Nowdongin Architects; Heerim Architects & Planners";н/д;"18 декабря 2025 (сдача); открытие — 30 января 2026";Малый зал многофункционального арт-центра для камерных постановок и локальных коллективов.;https://www.mt.co.kr/policy/2025/12/18/2025121817251499986;"https://www.asiae.co.kr/en/article/2025102711395678682; https://www.stagesoundkorea.com/%ed%8f%89%ed%83%9d%ec%95%84%ed%8a%b8%ec%84%bc%ed%84%b0-%eb%8c%80%ea%b7%b9%ec%9e%a5/ — акустический консультант не назван (упоминается только описание акустического решения зала)";;не проверен
Театральные залы;Teatro Nazionale;н/д;Флоренция;Италия;Европа;около 300 (партер подковой + 4 яруса лож);Archea Associati / Marco Casamonti;Studio Sound Service;ноябрь 2025 (открытие после реставрации, полноценные показы — с февраля 2026);"Театр XVII века у Пьяцца делла Синьория, четыре года реставрации после структурного упадка; установлена новая акустическая система для концертных программ.";https://www.florencedailynews.com/2025/11/17/historic-teatro-nazionale-reopens-after-four-year-restoration-in-central-florence/;"https://www.archea.it/progetto/teatro-nazionale/ (circa 300 posti); https://www.studiosoundservice.com/it/progetti/teatro-nazionale-firenze-1 (progetto acustico ed elettroacustico di Studio Sound Service)";;не проверен
Театральные залы;Nakdong Art Center — Ensemble Theater;Nakdong Art Center;Пусан (Канседжу);Республика Корея;Азия;292 (в ряде источников указано 300);н/д;н/д;"строительство завершено к июню 2025; открытие — 10 января 2026";Многофункциональный театральный зал комплекса Nakdong Art Center для оперы, балета, драмы и джаза.;https://www.busan.go.kr/eng/bsnews01/1714841;;;не проверен
Театральные залы;Jenny Boyd Theatre;Clarence Brown Theatre, University of Tennessee, Knoxville;Ноксвилл (Теннесси);США;Северная Америка;300;Sanders Pace Architecture;Threshold Acoustics;"7 ноября 2025 (торжественное открытие/посвящение здания); первая постановка (Cabaret) — начало 2026 сезона";"Реконструкция (тип: реконструкция) — новое здание заменило открытый театр-'карусель' 1950-х годов; трансформируемый зал с люковой сценой для конфигураций арена/трэст/просцениум.";https://news.utk.edu/2025/11/10/ut-dedicates-jenny-boyd-theatre/;http://sanderspace.com/project/university-of-tennessee-carousel-theatre/;;не проверен
Театральные залы;Joseph Clayes III Theater (The Clayes);The Joan and Irwin Jacobs Performing Arts Center;Сан-Диего, Калифорния;США;Северная Америка;282;obr Architecture;н/д (театральное проектирование Fisher Dachs Associates);"5 сентября 2025 (открытие); первый показ 10.09.2025";Историческое здание ВМС 1942 года (бывший клуб с боулингом и танцполом) превращено в двухзальный театральный центр со специально спроектированной акустической крышей.;https://www.americantheatre.org/2025/09/08/cygnet-theatre-unveils-new-home-at-the-joan/;;;не проверен
Театральные залы;METTRIN Központ (главный многофункциональный зал);METTRIN Központ;Банк;Венгрия;Европа;280;Ferdinánd Árpád;"Специализированный акустический консультант не выявлен; акустическая отделка выполнена в рамках архитектурного проекта: базовая стена зала (трапециевидная форма) облицована звукопоглощающим слоем (hangelnyelő réteg), часть стеклянных стен зала может закрываться подвижными звукопоглощающими шторами (sötétítő-hangelnyelő motoros függöny) для регулировки акустики.";27 марта 2025;"Новый арт-центр у озера Банк с крышей в форме бабочки, оснащён современной свето- и звуковой техникой; художественный руководитель — Balázs Zoltán.";https://carrie.hu/kult/egyedulallo-muveszeti-kozpont-nyilik-bankon/;"https://www.arts.mettrin.hu/the-building-complex/; https://epiteszforum.hu/organikus-es-modern-mettrin-rendezvenykozpont-bankon — акустический консультант не упомянут | https://www.mettrin.hu/muszaki-adottsagok/";;не проверен
Театральные залы;Schiller-Theater (Großes Haus);Theater Rudolstadt;Рудольштадт;Германия;Европа;275;SIGMA PLAN Weimar GmbH;н/д;6–7 сентября 2025 (тип: реконструкция);После более чем 8 лет реконструкции (изначально из-за паводковых повреждений, зал пришлось снести и построить заново) театр открыт под новым именем в честь Шиллера.;https://www.zeit.de/news/2025-09/07/schiller-theater-rudolstadt-eroeffnet-nach-acht-jahren-umbau;"https://www.zeit.de/news/2025-09/07/schiller-theater-rudolstadt-eroeffnet-nach-acht-jahren-umbau; https://www.rsb-rudolstadt.de/projekt/schiller-theater-rudolstadt/ — источники называют только архитектора (SIGMA PLAN WEIMAR GmbH), акустический консультант нигде не указан";;не проверен
Театральные залы;Finkelstein Performing Arts Center (театральный зал);Finkelstein Performing Arts Center, Crafton Hills College;Юкайпа (Калифорния);США;Северная Америка;274;DLR Group;DLR Group (in-house acoustics design);19 сентября 2025 (торжественное открытие);Новое здание на 24 000 кв. футов заменило оригинальный центр искусств 1978 года, оснащено современным проскениумным театральным залом для музыки и драмы.;https://www.dlrgroup.com/firm-news/crafton-hills-college-performing-arts-center-ribbon-cutting/;https://www.dlrgroup.com/work/crafton-hills-college-pac/;;не проверен
Театральные залы;Театр Schwarzman Centre (250 мест);Stephen A. Schwarzman Centre for the Humanities;Оксфорд;Великобритания;Европа;250;Hopkins Architects;"Charcoalblue (театральный консультант); Arup (акустика кампуса)";окт.25;Часть нового гуманитарного кампуса Оксфорда, спроектированного по принципам Passivhaus, с чёрным ящиком для экспериментальной музыки.;https://www.charcoalblue.com/projects/the-schwarzman-centre-for-humanities;;;не проверен
Театральные залы;SKA (Schaerbeekse Kinema/Ancien cinéma-théâtre) — большой зал 240 мест;SKA, культурный центр Схарбека;Брюссель;Бельгия;Европа;240;Ouest Architecture (Брюссель);Kahle Acoustics (Vincent Berrier, Thomas Wulfrank);окт.25;"Реконструкция бывшего кинотеатра-театра в муниципальный культурный центр; зал на 240 мест с раздвижными трибунами для усиленных и неусиленных представлений, деревянные абсорбирующие панели по бокам партера.";https://kahle-acoustics.com/en/ref/skaBrussels-.html;;;не проверен
Театральные залы;Большой зрительный зал;Театр для детей и молодёжи «Мастерская» (здание бывшего кинотеатра «Россия»);Самара;Россия;Россия и СНГ;218;н/д (реконструкция в рамках нацпроекта «Культура»);н/д;5 мая 2025;Театр разместился в реконструированном здании советского кинотеатра, премьерный спектакль «Рядовые» приурочен к 80-летию Победы.;https://www.kommersant.ru/doc/7709955;https://www.kommersant.ru/doc/7709955 — акустический консультант проекта не указан в опубликованных материалах;;не проверен
Театральные залы;Nancy & Ed Jackman Performance Centre (Performance Hall);Nancy & Ed Jackman Performance Centre, 877 Yonge Street;Торонто (Онтарио);Канада;Северная Америка;до 200 (90–144 мест на трибунах);Hilditch Architects;н/д;17 марта 2025;"Новый совместный дом трупп Tapestry Opera и Nightwood Theatre в переоборудованном здании бывшего социального жилья St. Clare's; гибкий модульный зал с трансформируемыми рядами кресел.";https://tapestryopera.com/877-yonge-street/;https://www.nightwoodtheatre.net/877-yonge/;;не проверен
Театральные залы;West Bund Grand Theatre — black box (西岸大剧院小剧场);West Bund Grand Theatre;Шанхай;Китай;Азия;200;"Schmidt Hammer Lassen; Perkins&Will";"East China Architectural Design & Research Institute (ECADI); театральный консультант Theatre Projects";2025;Компактный экспериментальный «чёрный ящик» для камерных и авангардных постановок в составе нового театрального комплекса на набережной Хуанпу.;https://perkinswill.com/project/west-bund-grand-theatre/;;;не проверен
Театральные залы;Sala Operowa;Kampus Akademii Muzycznej im. Feliksa Nowowiejskiego;Быдгощ;Польша;Европа;198 (175 партер + балкон);plus3-architekci (Katarzyna Głażewska, Krzysztof Bagiński);ewkAkustika (Ewa Więckowska-Kosmala);30 сентября 2025;Оперно-театральный зал со сценой, оснащённой люком и колосниковой системой, часть нового кампуса.;https://www.rigips.pl/obiekty-referencyjne/sport-kultura/kampus-akademii-muzycznej;;;не проверен
Театральные залы;Cherry Lane Theatre;н/д;Нью-Йорк (Гринвич-Виллидж);США;Северная Америка;"167 (основной зал; студийный зал — 60 мест)";Leroy Street Studio;н/д;сен.25;"Старейший непрерывно работающий офф-Бродвейский театр (с 1924 года) капитально реконструирован кинокомпанией A24 как её первый физический культурный объект; сохранены кирпичная кладка и историческая структура.";https://architizer.com/projects/cherry-lane-theatre/;"https://en.wikipedia.org/wiki/Cherry_Lane_Theatre (Capacity: 167 main stage, 60 studio); acoustics consultant не найден — упомянуты только интеграторы звукового оборудования (Moving Image Technologies, LEA Professional) — оставлено н/д";;не проверен
Театральные залы;Wakefield Family Studio;The Court Theatre;Крайстчерч;Новая Зеландия;Океания;120-150;"Haworth Tompkins; Athfield Architects";Marshall Day Acoustics;май 2025 (официальное открытие 4 мая 2025);Малый студийный зал того же комплекса Court Theatre для детского театра и импровизационных постановок.;https://marshallday.com/projects/the-court-theatre;;;не проверен
Театральные залы;Dorothea Laub Studio Theater (The Dottie);The Joan and Irwin Jacobs Performing Arts Center;Сан-Диего, Калифорния;США;Северная Америка;150;obr Architecture;Threshold Acoustics;5 сентября 2025;Малая студийная сцена в составе нового театрального центра Cygnet Theatre, с гибкой конфигурацией зрительских мест и звукопоглощающими панелями.;https://www.americantheatre.org/2025/09/08/cygnet-theatre-unveils-new-home-at-the-joan/;https://www.livedesignonline.com/theatre/cygnet (Acoustics: Threshold Acoustics);;не проверен
Театральные залы;Teatro MACA;Museo de Arte Contemporáneo Atchugarry (MACA);Манантьялес, Мальдонадо;Уругвай;Латинская Америка;150;н/д (инициатор — скульптор Pablo Atchugarry);н/д;12.04.2025;Новый зал сценических искусств на территории музея под открытым небом, стал домом Международного театрального фестиваля MACA.;https://macamuseo.org/prensa/inauguran-teatro-maca-con-festival-internacional-gratuito-y-agenda-imperdible-para-semana-de-turismo-en-uruguay;;;не проверен
Театральные залы;Grivița 53;н/д;Бухарест;Румыния;Европа;140;Codrin Trițescu (общая концепция и руководство проектной командой);н/д;сентябрь 2025 (открытие для публики), первые спектакли ноябрь 2025;"Первый частный театр, построенный в Румынии примерно за 80 лет, профинансирован краудфандингом и грантами EEA; современная акустика и сценическая техника.";https://www.romania-insider.com/grivita-53-theater-unveiled-bucharest-sept-2025;"https://www.revistabiz.ro/cum-va-arata-teatrul-grivita-53/ (Arhitectul Codrin Trițescu a finalizat proiectul); acoustics consultant не найден в открытых источниках — оставлено н/д";;не проверен
Театральные залы;Sala Estúdio Valentim de Barros;Jardins do Bombarda (центр LARGO Residências);Лиссабон;Португалия;Европа;99–100 (раскладные трибуны black box);Trabalhar com os 99% (ateliermob);н/д;27 марта 2025;Бывший навес-склад психиатрической больницы Мигел Бомбарда превращён в интимный зал-«блэкбокс», названный в честь танцора Валентина де Барроша.;https://largoresidencias.com/salaestudiovalentimdebarros/;https://largoresidencias.com/salaestudiovalentimdebarros/ — архитектура выполнена кооперативом «Trabalhar com os 99%», акустический консультант не упоминается;;не проверен
Театральные залы;Малый зрительный зал;Театр для детей и молодёжи «Мастерская» (здание бывшего кинотеатра «Россия»);Самара;Россия;Россия и СНГ;85;н/д (реконструкция в рамках нацпроекта «Культура»);н/д;5 мая 2025;Второй, камерный зал того же комплекса, включая места для зрителей с ОВЗ.;https://www.kommersant.ru/doc/7709955;https://www.kommersant.ru/doc/7709955 — акустический консультант проекта не указан в опубликованных материалах;;не проверен
Театральные залы;Black box theatre (Theatre Arts Building);University of Miami, Department of Theatre Arts;Корал-Гейблс, Флорида;США;Северная Америка;60;MATEU Architecture Inc.;н/д;начало 2025 (весенний семестр);Новое здание факультета театрального искусства с 60-местным black box залом, используемым для спектаклей, лекций и презентаций.;https://news.miami.edu/as/stories/2025/02/curtain-rises-on-the-new-theater-arts-building.html;;;не проверен
Театральные залы;Kleiner Saal (Ostflügel);Festspielhaus Hellerau;Дрезден;Германия;Европа;н/д;heinlewischer (Stuttgart);н/д;14 сентября 2025 (тип: реконструкция);Новый малый зал в отреставрированном восточном крыле исторического Festspielhaus Hellerau — дополнительная площадка для гастролей, концертов и проб.;https://www.dresden.de/de/rathaus/aktuelles/pressemitteilungen/09/Pm_006.php;"https://www.baumeister.de/hellerau-festspielhaus/; https://www.baunetz-architekten.de/heinlewischer/31321/projekt/10246170; https://www.hellerau.org/ueber-uns/magazin/bautagebuch-ostfluegel — вместимость (capacity) Kleiner Saal не найдена ни в одном источнике, акустический консультант не назван";;не проверен
Театральные залы;Detroit Mercy Black Box Theatre;University of Detroit Mercy, McNichols Campus (Student Union);Детройт, Мичиган;США;Северная Америка;н/д (гибкий блэкбокс);н/д;н/д;29 сентября 2025;Первый выделенный театральный зал кампуса за десятилетия — гибкая площадка для факультета исполнительских искусств и городского сообщества Детройта.;https://www.udmercy.edu/about/news/articles/2025/09-29-black-box-theatre.php;"https://www.udmercy.edu/about/news/articles/2025/09-29-black-box-theatre.php ; https://www.udmercy.edu/life/theatre/blackbox.php — искали architect и acoustics, в пресс-релизах университета и локальных СМИ (WXYZ, WDET) архитектурное бюро и акустический консультант не названы. Оставлено н/д.";;не проверен
Музыкальные залы;TIDES at The Whampoa;The Whampoa (яхта-образный торговый комплекс);Гонконг (Хунхом);Гонконг;Азия;1500;Panorama Design Group;н/д (объявлена 360-градусная звуковая система туровского уровня);14 октября 2025;Новая площадка среднего размера от Live Nation, закрывающая нишу после закрытия Music Zone в Kowloon Bay, зал 30000 кв.футов.;https://hongkongfp.com/2025/10/15/new-mid-sized-music-venue-tides-opens-in-hung-hom-as-owner-live-nation-seeks-to-reassure-residents/;"https://panoramahk.com/TIDES-Hong-Kong-1; https://www.cundall.com/projects/tides-whampoa-indoor-music-venue-acoustic-design";;не проверен
Музыкальные залы;Большой зал имени Антона Рубинштейна;Санкт-Петербургская государственная консерватория им. Н. А. Римского-Корсакова;Санкт-Петербург;Россия;Россия и СНГ;1100;"реставрация — АО «Политехстрой-Сварго»; исторический автор здания — Владимир Николя";Анатолий Лившиц;"разрешение на ввод в эксплуатацию 27 мая 2025; первые акустические тесты — январь 2025, начало концертной жизни — лето-осень 2025";Форму зала изменили с прямоугольной на подковообразную и оснастили технологией переменной акустики после почти 11-летней реставрации памятника архитектуры.;https://www.fontanka.ru/2025/06/20/75614102/;https://spbcult.ru/news/novosti-kultury/restavratsiya-konservatorii-zavershilas-na-god-ranshe-sroka/ — «Большой зал имени А.Г. Рубинштейна... вместимость после реконструкции – 1100 мест»;;не проверен
Музыкальные залы;Festival Concert Hall (Challey Hall);Challey School of Music, North Dakota State University;Фарго, Северная Дакота;США;Северная Америка;989 (новые места после реконструкции);Foss Architecture & Interiors;н/д;"строительство завершено сентябрь 2025; торжественное открытие/ribbon-cutting 26 сентября 2025";Реконструкция существующего Festival Concert Hall (бывший Reineke Fine Arts Center) с новыми хоровыми подмостками и акустическими панелями плюс пристройка 9700 кв. футов с репетиционным залом.;https://www.krausanderson.com/news/kraus-anderson-completes-ndsu-challey-school/;;;не проверен
Музыкальные залы;Durand Performing Arts Center (концертный/многофункциональный зал);Durand Area Schools Performing Arts Center;Дюранд, Мичиган;США;Северная Америка;551;н/д;н/д;торжественное открытие 3 февраля 2025;"Новый концертно-театральный зал школьного округа для музыкальных концертов, спектаклей и собраний; лобби с потолком в форме клавиш фортепиано.";https://www.argus-press.com/news/news_local/article_9117990a-1365-5ceb-8f52-697dbc0f847f.html;;;не проверен
Музыкальные залы;Magasin 4;н/д;Брюссель;Бельгия;Европа;500;CENTRAL (office for architecture and urbanism);Daidalos Peutz;19 сентября 2025;Новый дом легендарного альтернативного/панк-клуба на канале Брюсселя: бетонный «скелет» с гибкой начинкой, потолки выше 7 м и переиспользованные материалы.;https://sau.brussels/sites/magasin-4-0;;;не проверен
Музыкальные залы;Information Ministry's Theatre (مسرح وزارة الإعلام);Здание Министерства информации Омана (Oman TV);Маскат;Оман;Ближний Восток;500;н/д;н/д (аудиоинфраструктура на базе IP-решений Lawo, интегратор Pixel Solutions);25 февраля 2025;"Гибридный концертный/театральный зал, совмещённый с телестудией Oman TV; открыт концертом Королевского оманского симфонического оркестра (ROSO) и голографической оперетты об истории оманских медиа.";https://www.omanobserver.om/article/1166883/oman/community/information-ministry-concert-marks-opening-of-new-theatre;https://timesofoman.com/article/155366-information-ministry-theatre-to-usher-in-new-era-of-cultural-innovation;;не проверен
Музыкальные залы;Salle de spectacle / auditorium du pôle culturel;Pôle culturel de Maisons-Laffitte (conservatoire + salle Malesherbes rénovée);Мезон-Лаффит (Maisons-Laffitte);Франция;Европа;500 (зал спектаклей) + 200 (учебный аудиториум);Atelier Novembre (mandataire) & B2A Architecture (conception de l'enveloppe);Studio DAP;ноя.25;После более чем трёх лет работ старый конservatoire в бытовках заменён новым культурным полюсом с залом на 500 мест и учебным аудиториумом на 200 мест.;https://www.lesechos.fr/pme-regions/ile-de-france/a-maisons-laffitte-un-equipement-culturel-flambant-neuf-vient-douvrir-ses-portes-2201735;"https://b2-a.fr/projets/conservatoire ; http://www.studiodap.fr/portfolio/espace-culturel-malesherbes/";;не проверен
Музыкальные залы;Kulas Hall;Cleveland Institute of Music (CIM);Кливленд;США;Северная Америка;460;J. KURTZ Architects;Threshold Acoustics;сентябрь 2025 (реконструкция завершена);Полная перестройка исторического зала CIM 1961 года: потолок поднят на 9 м до кровли, новые акустические панели и стены, зал для оркестра и оперы.;https://www.cim.edu/aboutcim/news/cims-kulas-hall-wins-award-2026-naiop-awards-excellence;;;не проверен
Музыкальные залы;Konzertsaal / Veranstaltungssaal, Musisches Bildungszentrum Schloss Zeillern;Schloss Zeillern;Цайллерн (Zeillern);Австрия;Европа;400;н/д;Sport- und Akustikbau (акустическая отделка зала);15 июня 2025;Новый концертный/репетиционный зал для духовых оркестров Нижней Австрии на 400 мест внутри отреставрированного замка, центр подготовки для 500+ оркестров.;https://www.noe.gv.at/noe/LH_Mikl-Leitner_eroeffnete_Musisches_Bildungszentrum_auf_.html?print=true;https://sport-akustik.at/project/schloss-zeillern/;;не проверен
Музыкальные залы;Busan Concert Hall — Chamber Hall;Busan International Arts Center / Busan Citizens Park;Пусан;Республика Корея;Азия;400;HAEAHN Architecture;Oh Yang-ki (오양기), профессор Mokpo National University / Korean Acoustical Society — акустический консультант зала (архитектура — dmp/Designcamp Moon Park);20 июня 2025;Камерный зал при новом концертном комплексе Busan Concert Hall, используется для сольных и камерных программ.;https://www.busan.go.kr/eng/bsnews01/1669269;"https://news.nate.com/view/20250630n01811; https://www.stagesoundkorea.com/%eb%b6%80%ec%82%b0%ec%bd%98%ec%84%9c%ed%8a%b8%ed%99%80-%eb%8c%80%ea%b7%b9%ec%9e%a5/";;не проверен
Музыкальные залы;Konzertsaal des Musikgymnasiums Käthe Kollwitz;Erweiterungsbau Musikgymnasium Käthe Kollwitz;Росток (Rostock);Германия;Европа;350;Architekturbüro Albert und Baier;INROS LACKNER SE (техническое оснащение/акустическая доработка);19 декабря 2025;"Флексибельный концертный зал на 350 мест как ядро нового корпуса музыкальной гимназии; акустически оптимизированные репетиционные помещения.";https://www.ndr.de/nachrichten/mecklenburg-vorpommern/rostock/rostock-neubau-fuer-musikgymnasium-kaethe-kollwitz-fertig,mvregiorostock-2056.html;https://www.inros-lackner.de/de/projekte/komplexe-gebaeudeplanung/forschungs-und-bildungsbauten/musikgymnasium-kaethe-kollwitz-rostock;;не проверен
Музыкальные залы;Music Mansion;н/д;Буэнос-Айрес;Аргентина;Латинская Америка;300;н/д;н/д;ноя.25;Новый камерный концертный зал в центре Буэнос-Айреса от Supernova Entertainment и RGB, спроектирован для интимного контакта артиста и публики.;https://capturandomusica.com.ar/2025/11/music-mansion-la-nueva-sala-portena-donde-la-musica-y-el-arte-se-encuentran-en-una-experiencia-unica/;"https://capturandomusica.com.ar/2025/11/music-mansion-la-nueva-sala-portena-donde-la-musica-y-el-arte-se-encuentran-en-una-experiencia-unica/; https://tumusicahoy.com/en/music-mansion-opens-its-doors-in-buenos-aires/ — указаны только продюсеры Supernova Entertainment и RGB, архитектор и акустик не названы";;не проверен
Музыкальные залы;Bodu River Cultural Centre — rehearsal/performance hall (伯渎河文化中心・排练厅);Bodu River Cultural Centre / 伯渎河文化中心;Уси;Китай;Азия;300;东南大学建筑设计研究院有限公司 (Southeast University Architectural Design and Research Institute, SUADRI);н/д;21 апреля 2025 (сдача объекта);"Комплекс на канале Даюньхэ с библиотекой, галереей и репетиционным залом со сдвижными трибунами до 300 мест; фасады из чистого бетона, перфорированного UHPC и стекла.";https://www.wuxi.gov.cn/doc/2025/04/21/4547550.shtml;"https://www.archiposition.com/items/b277c2baa0; http://dzb.jzsbs.com/epaper/jzsb/pc/content/202304/03/content_20535.html";;не проверен
Музыкальные залы;Auditorio del Conservatorio Superior de Música Andrés de Vandelvira;Conservatorio Superior de Música de Jaén;Хаэн (Jaén);Испания;Европа;295;Antonio García Bueno, Fernando Suárez Corchete, Lorenzo Muro Álvarez (García Bueno Arquitectos);н/д;официальное открытие 5 декабря 2025 (занятия начались 22 сентября 2025);Новое здание консерватории (4650 кв.м) с собственным аудиторио для концертов, построено после более чем десятилетия ожидания.;https://cadenaser.com/andalucia/2025/12/05/el-presidente-de-la-junta-inaugura-el-nuevo-conservatorio-superior-de-musica-de-jaen-tras-mas-de-una-decada-de-reivindicaciones-radio-jaen/;https://www.agenciaandaluzaeducacion.es/index.php/comunicacion/noticias/finalizan-las-obras-del-conservatorio-superior-de-musica-de-jaen-con-una-inversion-superior-107-millones;;не проверен
Музыкальные залы;サーラ嬬恋 大ホール (Sāra Tsumagoi, большой зал);Сāра Цумагои (новое здание сельского дома культуры, Tsumagoi Village Hall);Село Цумагои, преф. Гумма;Япония;Азия;280;Fukushima Architectural Design Office (福島建築設計事務所);Yamaha Corporation (акустический дизайн, космический аудио-группа);август–октябрь 2025 (竣工 2025年8月, официальное открытие — октябрь 2025);"Многофункциональный зал с подвижным полом на 280 мест в составе нового сельского культурного центра с библиотекой; построен из местной лиственницы, использует геотермальное отопление; служит также эвакуационным пунктом на случай ЧС.";https://acoustic-design.yamaha.com/_cases/multipurpose/index.html;;;не проверен
Музыкальные залы;Elaine S. Rosen Music Room / concert space, Finkelstein Performing Arts Center;Finkelstein Performing Arts Center, Crafton Hills College;Юкейпа, Калифорния;США;Северная Америка;274 (основной зал центра);DLR Group;DLR Group (собственная акустическая служба бюро);торжественное открытие 19 сентября 2025;"Новое здание на 24 000 кв. футов заменило оригинальный центр 1978 года; включает музыкальный зал, лаборатории и современное аудиозаписывающее оборудование, ориентировано на LEED Gold.";https://www.dlrgroup.com/firm-news/crafton-hills-college-performing-arts-center-ribbon-cutting/;https://www.dlrgroup.com/work/crafton-hills-college-pac/;;не проверен
Музыкальные залы;Nieuwe Grote Theaterzaal, Koninklijk Conservatorium Brussel;Koninklijk Conservatorium Brussel, Campus Kaai;Брюссель (Anderlecht);Бельгия;Европа;250;Origin Architecture & Engineering, A2RC Architects et FVWW (groupement);Daidalos Peutz;декабрь 2025 (первая постановка 4–13 декабря 2025);Новый зал на кампусе Kaai с современным свето- и звукооборудованием, открыт постановкой мюзикла My Fair Lady силами студентов консерватории.;https://press.ehb.be/persbericht-vlaamse-versie-van-my-fair-lady-opent-de-nieuwe-grote-theaterzaal-van-het-koninklijk-conservatorium-brussel;https://www.architectura.be/nl/nieuws/ingrijpende-transformatie-koninklijk-conservatorium-brussel-naar-ontwerp-van-origin-a2rc-fvww-van-start/;;не проверен
Музыкальные залы;Jim and Marilyn Dean Recital Hall;Dean Family Performing Arts Center, Dordt University;Су-Сентер, Айова;США;Северная Америка;250 (макс.);н/д;н/д;торжественное открытие/посвящение 18 октября 2025;Новый камерный зал для студенческих концертов и выступлений ансамблей христианского университета, построен в рамках кампусного строительства 2024–2025 гг.;https://www.dordt.edu/news/dordt-university-to-dedicate-new-campus-spaces-during-defender-days;;;не проверен
Музыкальные залы;John Barry Performance Hall;Falls Music Center, Phillips Academy Andover;Андовер, Массачусетс;США;Северная Америка;238;ARC/Architectural Resources Cambridge;Kirkegaard;"завершено в 2025; первый концерт — конец февраля 2025, торжественное открытие 9 мая 2025";"Первое здание, построенное специально для музыкальной программы школы Phillips Academy за почти 250 лет её истории; проект нулевого выброса углерода на площадке (32 геотермальные скважины).";https://www.andover.edu/news/2025/falls-music-center-dedication;https://www.wconline.com/articles/98266-armstrong-wins-cisca-award-for-phillips-hall;;не проверен
Музыкальные залы;Auditorium du Conservatoire Nina Simone;Conservatoire Nina Simone;Романвиль (Romainville);Франция;Европа;120 (jusqu'à 220 debout);н/д;н/д;20 сентября 2025;После реконструкции и расширения консерватория получила модульный аудиториум для концертов и увеличила приём на 200 учеников.;https://www.est-ensemble.fr/inauguration-du-nouveau-conservatoire-nina-simone-romainville;;;не проверен
Музыкальные залы;Performance Hall (в составе Crewe Center for the Arts);Crewe Center for the Arts, University of Southern Maine;Портленд (Мэн);США;Северная Америка;200;Perkins Eastman (совместно с Consigli Construction и Oak Point Associates);Jaffe Holden Acoustics;3 октября 2025 (торжественное открытие);"Зал для выступлений внутри нового 40 000-кв.-футового арт-центра USM с фасадом, меняющим цвет как отсылка к морской тематике Мэна; университет стал первым 'All-Steinway' колледжем штата.";https://usm.maine.edu/news/usm-celebrates-grand-opening-of-crewe-center-for-the-arts-in-portland/;https://www.linkedin.com/posts/mark-holden-3674627_fantastic-opening-at-the-crewe-center-at-activity-7381432041306746880--lEc;;не проверен
Музыкальные залы;Auditorium François Hadji-Lazaro;Conservatoire Joséphine Baker;Пре-Сен-Жерве (Le Pré-Saint-Gervais);Франция;Европа;200;Ivars & Ballet (architectes mandataires), avec Adquatio architectes;н/д;21 ноября 2025;Новое здание консерватории открыто трёхдневным фестивалем с симфоническим концертом преподавателей в новом аудиториуме.;https://www.est-ensemble.fr/inauguration-conservatoire-pre-saint-gervais;"https://www.at-sceno.fr/construction-d-un-conservatoire-musique-et-danse-le-pre-saint-gervais ; https://fr.linkedin.com/posts/adquatio-architectes_culture-architecture-conservatoire-activity-7381234091662139392-9ZuR";;не проверен
Музыкальные залы;Dr. James Hurd Recital Hall;Garvey Fine Arts Center, Washburn University;Топика (Канзас);США;Северная Америка;175;н/д;н/д;24 апреля 2025 (ribbon cutting);Небольшой камерный речитал-зал с плоским трансформируемым полом и возможностью прямой трансляции выступлений, дополняющий 1200-местный White Concert Hall.;https://www.wibw.com/2025/04/24/washburn-cuts-ribbon-completed-dr-james-hurd-recital-hall/;https://www.wualumni.org/post/beyond-center-stage;;не проверен
Музыкальные залы;Podiumzaal Coda;KunstAs (nieuwe kunstencampus Asse);Ассе (Asse);Бельгия;Европа;160;Oskar architecten & FELT architecture & design;н/д;15 ноября 2025;Зал-сцена на 160 мест в новом здании художественной академии на 4500 кв.м, объединившей музыкальное, словесное, танцевальное и изобразительное отделения.;https://www.vrt.be/vrtnws/nl/2025/11/15/nieuwe-kunstencampus-in-asse-plechtig-geopend/;"https://architectura.be/nl/nieuws/oskar-en-felt-realiseren-kunstencampus-kunstas-in-asse-als-verbindende-schakel-tussen-kapel-stad-en-cultuur/ ; https://artesgroup.be/referenties/kunstencampus-asse";;не проверен
Музыкальные залы;Recital hall/gallery building;Irvine Valley College Fine Arts Complex;Ирвайн, Калифорния;США;Северная Америка;150;DLR Group;DLR Group (комплексные архитектурно-акустические услуги);н/д (проект завершён, точный месяц 2025 не указан в источнике — требует уточнения);Кластер из трёх зданий (музыка/танец, изобразительное искусство, recital hall/галерея) вокруг центрального двора, объединяющий музыкальные и танцевальные программы колледжа впервые в одном комплексе.;https://www.dlrgroup.com/work/socccd-irvine-valley-college-fine-arts-building/;https://www.ivc.edu/outlay/projects/fine-arts-complex;;не проверен
Музыкальные залы;Sala Kameralna;Kampus Akademii Muzycznej im. Feliksa Nowowiejskiego;Быдгощ;Польша;Европа;140 (124 партер + балкон);plus3-architekci (Katarzyna Głażewska, Krzysztof Bagiński);ewkAkustika (Ewa Więckowska-Kosmala);30 сентября 2025;Камерный зал для небольших ансамблей и барочных оркестров/хоров нового музыкального кампуса.;https://www.rigips.pl/obiekty-referencyjne/sport-kultura/kampus-akademii-muzycznej;;;не проверен
Музыкальные залы;Recital Hall (Jack 1953 & Mac 2011 Morris Recital Hall);Hopkins Center for the Arts, Dartmouth College;Ганновер, Нью-Гэмпшир;США;Северная Америка;до 130;Snøhetta;Arup;окт.25;Новый камерный зал для сольных и ансамблевых выступлений с видом на библиотеку Бейкера, гибкая акустика.;https://hop.dartmouth.edu/venue-information;;;не проверен
Музыкальные залы;Helen and Thomas Wu Performance Hall;Morrison Hall, UC Berkeley Department of Music;Беркли;США;Северная Америка;100;LPAS Architecture;н/д (система звукоусиления Meyer Sound);официальное открытие 16 марта 2025 (мягкий запуск — сентябрь 2024);"Бывшая лекционная аудитория в Morrison Hall переоборудована в интимный концертный зал на 100 мест за $3 млн для вокальных и камерных концертов; акустика описана как «безупречная».";https://www.sfchronicle.com/bayarea/article/uc-berkeley-concert-hall-20215893.php;https://lpas.com/portfolio/uc-berkeley-wu-performance-hall-renovation/;;не проверен
Музыкальные залы;Sala Organowa;Kampus Akademii Muzycznej im. Feliksa Nowowiejskiego;Быдгощ;Польша;Европа;71;plus3-architekci (Katarzyna Głażewska, Krzysztof Bagiński);ewkAkustika (Ewa Więckowska-Kosmala);30 сентября 2025;Небольшой органный зал кампуса, самый малый из четырёх залов.;https://www.rigips.pl/obiekty-referencyjne/sport-kultura/kampus-akademii-muzycznej;;;не проверен
Музыкальные залы;Thomas Tull Concert Hall (уточнение по данным Architectural Record/MIT Technology Review);Edward and Joyce Linde Music Building, MIT;Кембридж, Массачусетс;США;Северная Америка;н/д (круглый зал высотой потолка 15 м/50 футов);SANAA (Kazuyo Sejima, Ryue Nishizawa);Nagata Acoustics;публичное открытие 15 февраля 2025;"ДОПОЛНЕНИЕ к уже собранному объекту 'Thomas Tull Hall': круглый зал с потолком высотой 15 м, акустика которого может перенастраиваться под разные типы выступлений; здание — четвёртый проект SANAA в США.";https://www.architecturalrecord.com/articles/17306-at-mit-sanaa-shapes-a-music-building-among-midcentury-icons-with-respectful-irreverence;https://www.technologyreview.com/2025/08/26/1120984/reimagining-sound-and-space/;;не проверен
Музыкальные залы;Thomas Tull Hall (в составе Edward and Joyce Linde Music Building);Edward and Joyce Linde Music Building (MIT);Кембридж (Массачусетс);США;Северная Америка;н/д (камерный круглый зал, потолок высотой 15 м/50 футов);SANAA (Kazuyo Sejima, Ryue Nishizawa);Nagata Acoustics;"15 февраля 2025 (публичное открытие); торжественный концерт Sonic Jubilance — 15 апреля 2025";Круглый концертный зал с настраиваемой (переменной) акустикой внутри нового музыкального корпуса MIT — первого здания института, целиком посвящённого музыке.;https://news.mit.edu/2025/edward-joyce-linde-music-building-opens-sonic-jubilance-0416;https://capitalprojects.mit.edu/projects/music-building;;не проверен
Музыкальные залы;McCusker Recital Hall;ECU City / Western Australian Academy of Performing Arts (WAAPA);Перт;Австралия;Океания;н/д;Haworth Tompkins совместно с Lyons и Silver Thomas Hanley Architects;Marshall Day Acoustics;"20 марта 2025 (открытие); кампус завершён к концу 2025";Камерный концертный зал новой вертикальной консерватории WAAPA в центре Перта, один из восьми специализированных залов кампуса с индивидуально настроенной акустикой.;https://www.ecu.edu.au/newsroom/articles/campus-and-community/a-truly-special-occasion-ecu-marks-milestone-moment-for-philanthropy-at-new-city-campus;https://www.linkedin.com/posts/marshall-day-acoustics_congratulations-to-haworth-tompkins-and-the-activity-7483369838036525056-jxVW;;не проверен
Музыкальные залы;Auditorio del Conservatorio Municipal Julián Orbón;Conservatorio Municipal Julián Orbón de Avilés (antiguo edificio de Correos);Авилес (Avilés);Испания;Европа;н/д;Julián Redondo (при участии Andrea del Cueto);н/д;апрель 2025 (функционирует с 23 апреля, торжественное открытие 30 апреля 2025);"Полная реконструкция здания бывшей почты под консерваторию; все помещения кроме аудиторио получили естественное освещение.";https://www.elcomercio.es/aviles/inauguracion-musical-conservatorio-aviles-20250430204328-nt.html;;;не проверен
Музыкальные залы;Kameralna sala koncertowa ULO;Uniwersyteckie Liceum Ogólnokształcące im. Pawła Adamowicza;Гданьск;Польша;Европа;н/д (камерный зал);н/д;н/д;13 мая 2025;Камерный застеклённый зал переоборудован из школьной столовой и склада за 4 месяца, стал новым культурным центром района Вжещ.;https://www.zawszepomorze.pl/artykul/19666,nowa-sala-koncertowa-we-wrzeszczu-muzyczna-przestrzen-dla-mieszkancow-gdanska;;;не проверен
Музыкальные залы;McNeely Music School (перформанс-фойе);McNeely Music School;Уайт-Беар-Лейк;США;Северная Америка;н/д;MSR Architects;Threshold Acoustics;2025 (завершено);Компактная музыкальная школа (63 000 кв. футов), где фойе с волнистым деревянным потолком служит одновременно исполнительским и записывающим пространством с акустической диффузией.;https://threshold.llc/mcneely;;;не проверен
Музыкальные залы;Marshall Livehouse Bangkok;н/д (отдельное 4-этажное здание на Charoenkrung Road);Бангкок;Таиланд;Азия;н/д (малый концертный зал/сцена на 1-м этаже + студии для репетиций);н/д;н/д;14 августа 2025;Первый в мире live-house под брендом Marshall: сцена и бар, винтажный listening-bar, репетиционные студии и ивент-пространство в историческом квартале Charoenkrung.;https://group.marshall.com/2025/08/14/marshall-livehouse-bangkok-opens-a-new-home-for-music-and-culture-in-southeast-asia/;;;не проверен
Музыкальные залы;Klanghaus Toggenburg;н/д;Унтервассер (Вильдхаус-Альт-Санкт-Йохан);Швейцария;Европа;н/д (4 разных «звуковых» зала + 2 открытые сцены);Staufer & Hasler Architekten (с Meili, Peter & Partner Architekten);"Raumakustik: Kuster + Partner AG (ранее Applied Acoustics GmbH); звуковое искусство — Andres Bosshard";май.25;«Проходной музыкальный инструмент» из дерева с 100 000 гонтовых пластин, без прямых углов — форма и материалы служат акустике здания.;https://www.swiss-arc.ch/de/projekt/klanghaus-toggenburg/13226061;;;не проверен
Лекционные залы;Dev & Vardhana Goswami Lecture Hall Complex;IIT (BHU);Варанаси;Индия;Азия;1850;н/д;н/д (упоминается «advanced acoustics» без указания консультанта);14 июля 2025;Трёхэтажный лекционный комплекс на 1850 мест, построен на пожертвование выпускника Дева Госвами (1,6 млн $), смарт-доски и Wi-Fi во всех залах.;https://www.iitbhufoundation.org/a-new-era-of-learning-begins-iit-bhu-inaugurates-the-dev-vardhana-goswami-lecture-hall-complex/;;;не проверен
Лекционные залы;Lecture theatre, Ray Dolby Centre (Cavendish Laboratory);Ray Dolby Centre, University of Cambridge;Кембридж;Великобритания;Европа;400;Jestico + Whiles (совместно с NBBJ и BDP);Ramboll (Civil, Structural and Vibration Engineer, Fire Engineer, Acoustic Consultant);9 мая 2025 (официальное открытие);Лекционный зал на 400 мест в новом здании физического факультета Кавендишской лаборатории (32 900 кв.м), возведённом Bouygues UK.;https://www.bdonline.co.uk/news/jestico--whiles-completes-ray-dolby-centre-for-university-of-cambridge/5135883.article;https://www.cfci.org.uk/awards/awards-winners/2026-awards/ray-dolby-centre/;;не проверен
Лекционные залы;Deux amphithéâtres (320 places chacun);École d'Ingénieurs de Purpan;Тулуза;Франция;Европа;320 (х2 зала);Cabinet Archéa Architectes;н/д;1 сентября 2025;Новое здание инженерной школы Пурпан (2700 кв.м, инвестиции 8 млн €) с двумя лекционными амфитеатрами по 320 мест каждый.;https://actu.fr/occitanie/toulouse_31555/toulouse-cette-ecole-d-ingenieurs-s-offre-un-immense-batiment-a-plusieurs-millions-d-euros-voici-son-design_63101122.html;"https://www.purpan.fr/wp-content/uploads/2025/01/CP-NouveauBatiment_2024-04-22.pdf ; https://www.lejournaldesentreprises.com/breve/lecole-dingenieurs-de-purpan-investit-8-millions-deuros-dans-la-construction-dun-nouveau-batiment-2094536";;не проверен
Лекционные залы;Virtuosi Hall;Feng Chia University, Shui-Nan Campus;Тайчжун;Тайвань;Азия;300 (лекционный амфитеатр) + 200 (многофункциональный зал);Kengo Kuma & Associates;Shang You Construction (акустические измерения и настройка звукового поля Birthday Hall, совместно с Perception Lab архитектурного факультета Feng Chia University);16 февраля 2025;"Крупнейший строительный проект в истории университета: лекционный амфитеатр на 300 мест с онлайн-трансляцией и второй гибкий зал на 200 мест; фасад из 4900 деревянных решёток из кипариса и 1750 стеклянных панелей.";https://personnel.fcu.edu.tw/en/news-detail/?id=43525;"https://www.shangyou-construction.com/en/news/1/11 ; https://virtuosi.fcu.edu.tw/%e5%a0%b4%e5%9c%b0%e4%bb%8b%e7%b4%b9/";;не проверен
Лекционные залы;Зал истории Третьяковской галереи и лекционно-кинозал;Филиал Государственной Третьяковской галереи на острове Октябрьский;Калининград;Россия;Россия и СНГ;276;"архитектурное бюро «Меганом» (проект здания); документация — WildTeam";н/д;12 июня 2025;Внутри здания с 50-метровой башней размещены выставочные залы, библиотека, атриум и зал для лекций и кинопоказов на 276 мест.;https://companies.rbc.ru/news/jQR3DwOJo7/filial-tretyakovki-v-kaliningrade-realizovan-po-proektu-wildteam/;"https://companies.rbc.ru/news/jQR3DwOJo7/filial-tretyakovki-v-kaliningrade-realizovan-po-proektu-wildteam/; https://kaliningrad.tretyakovgallery.ru/cinema/ — кинозал описан как оснащённый «акустическими системами объёмного звука», однако именованный акустический консультант не найден";;не проверен
Лекционные залы;Neuer Hörsaal (multifunktionaler Hörsaal für 250 Studierende);WU Wien (Wirtschaftsuniversität Wien), Campus WU;Вена;Австрия;Европа;250;н/д (реконструкция существующего помещения);н/д;23 сентября 2025;Многофункциональная аудитория среднего размера, закрывшая разрыв между большим Audimax (650 мест) и малыми аудиториями (до 180 мест) на кампусе WU.;https://www.wu.ac.at/en/press/press-releases/press-releases-details/detail/schnell-kosteneffizient-nachhaltig-wu-eroeffnet-multifunktionalen-hoersaal-fuer-250-studierende;;;не проверен
Лекционные залы;Carré Janson (модульный аудиториум на 250 мест);Smart Center Tournai;Турне;Бельгия;Европа;250;TANK Architectes (Франция);Kahle Acoustics (Yann Jurkiewicz, Émilie Carayol, Vincent Berrier);авг.25;"Реконструкция исторического комплекса (бывшая резиденция священников) у собора Турне в туристическо-технологический центр; трансформируемый амфитеатр-аудиториум на 250 мест отделён многослойным акустическим занавесом.";https://kahle-acoustics.com/fr/ref/smartCenterTournai-.html;;;не проверен
Лекционные залы;250-местный лекционный театр (250-seat theatre for lectures and drama);Schwarzman Centre for the Humanities, University of Oxford;Оксфорд;Великобритания;Европа;250;Hopkins Architects;н/д;"1 октября 2025 (здание открыто; студенческие постановки — с осени 2026)";Часть крупнейшего в истории Оксфорда единого строительного проекта (£185 млн), выполнен по стандарту Passivhaus.;https://cherwell.org/2025/10/01/oxford-schwarzman-centre-opens/;;;не проверен
Лекционные залы;Amphithéâtres du Campus des Groues (225 et 125 places);Campus des Groues, Groupe IGENSIA Education;Нантер;Франция;Европа;225 + 125;A26 (Marc Seifert), Atelier MBE;н/д;янв.25;Крупнейший во Франции кампус, посвящённый альтернансу (apprentissage), два амфитеатра в 8-этажном здании 10500 кв.м.;https://chroniques-architecture.com/a-nanterre-campus-des-groues-par-a26-et-mbe/;;;не проверен
Лекционные залы;Амфитеатр кампуса ESSCA (218 мест);Campus ESSCA Aix-en-Provence;Экс-ан-Прованс;Франция;Европа;218;Rougerie+Tangram (с Agnès Paul);Venatech;9 октября 2025 (сдан июнь 2025);Фасады со шёлкографией по мотивам живописи Сезанна и горы Сент-Виктуар, три объёма из 5589 кв.м.;https://chroniques-architecture.com/a-aix-en-provence-rougerietangram-fait-lessca/;;;не проверен
Лекционные залы;Gurley Forum (лекционный зал);Miller Campus, Santa Fe Institute;Тесуке (Нью-Мексико);США;Северная Америка;200;Thomas Easterson-Bond (штатный архитектор SFI);н/д;30 апреля 2025;Крупнейшее переговорно-лекционное пространство института сложных систем, стальная консольная терраса над прудом, панорама на горы Сангре-де-Кристо.;https://www.santafe.edu/news-center/news/sfi-opens-new-lecture-hall-at-miller-campus;;;не проверен
Лекционные залы;Amphithéâtre (200 places), nouveau campus Excelia Tours;Excelia Group, Campus de Tours;Тур;Франция;Европа;200;Mu Architecture (Ludovic Malbet, Charles Bouchaïb);н/д;10 сентября 2025;Новое пятиэтажное здание кампуса (5300 кв.м) бизнес-школы Excelia с амфитеатром на 200 мест и модульными подключёнными аудиториями.;https://education.newstank.fr/article/view/411259/excelia-nouveau-campus-tours-5300-m2-1500-etudiants-vises-rentree-2026-20.html;"https://www.excelia-group.com/about-excelia/news-room/news/new-tours-campus-a-place-to-live-and-learn ; https://divisare.com/projects/540605-mu-architecture-charles-bouchaib-excelia-university-campus";;не проверен
Лекционные залы;Auditorium, University of Limerick Student Centre;University of Limerick Student Centre;Лимерик;Ирландия;Европа;173;Cotter & Naessens Architects;Theatreplan (театральное планирование и техническая консультация);2025;Многофункциональная аудитория с раздвижными трибунами и стационарным балконом, отделка бетоном и дубом, трансформируется в перформанс-зал с блэкаут-шторами.;https://theatreplan.com/projects/university-of-limerick-student-centre;;;не проверен
Лекционные залы;Amphithéâtre 0;Campus Saint Jean d'Angély, Université Côte d'Azur;Ницца;Франция;Европа;94;Cabinet d'Architecture Jean-Paul Gomis et Associés (Nice);н/д;6 октября 2025;"Новый амфитеатр создан из бывшего закрытого с 2018 года прохода к парвизу кампуса; экран с USB-C подключением, эргономичные кресла с розетками.";https://univ-cotedazur.fr/medias/fichier/cp-061025-inauguration-amphi-0-sja_1759935023000-pdf;"https://www.jpgomis.com/architectures/nice-park/ ; https://www.silvera.fr/blog/articles/campus-saint-jean-d-angely-nice";;не проверен
Лекционные залы;Lecture halls, Life and Mind Building;University of Oxford;Оксфорд;Великобритания;Европа;н/д;NBBJ;н/д;ноябрь 2025 (завершено);Лекционные залы встроены в новое здание биологии и экспериментальной психологии (25000 кв.м) с фасадом из волнистых каменных панелей в форме мозговой волны.;https://www.dezeen.com/2025/11/21/nbbj-oxford-life-mind-building/;;;не проверен
Лекционные залы;Lecture hall / gallery, Anthony Timberlands Center for Design and Materials Innovation;Fay Jones School of Architecture and Design, University of Arkansas;Файетвилл;США;Северная Америка;н/д;Grafton Architects, Modus Studio;н/д;окт.25;Лекционный зал-галерея на верхнем уровне первого деревянного (mass-timber) здания Grafton Architects в США, со стеклянными окнами в мастерскую этажом ниже.;https://www.dezeen.com/2025/10/09/anthony-timberlands-center-grafton-architects/;;;не проверен
Лекционные залы;Amphi Jean Jouzel (amphi D, bâtiment 2A);Campus de Beaulieu, Université de Rennes;Ренн;Франция;Европа;н/д;н/д;н/д;10 октября 2025;Аудитория переименована и торжественно открыта в честь климатолога Жана Жузеля, лауреата Нобелевской премии мира 2007 года в составе МГЭИК.;https://oseren.univ-rennes.fr/actualites/inauguration-amphi-jean-jouzel-universite-de-rennes;;;не проверен
Выставочные залы;Grand Egyptian Museum (галереи постоянной экспозиции);Grand Egyptian Museum, плато Гиза;Гиза;Египет;Африка;81000 кв.м общей площади, участок 500000 кв.м;"Heneghan Peng Architects (с Arup и Buro Happold); ландшафт West 8";WSDG (Walters-Storyk Design Group);1 ноября 2025 (полное открытие);"Крупнейший в мире музей, посвящённый одной цивилизации; облицован триангулированными панелями алебастра, известняка и стекла, с видом на пирамиды.";https://www.archdaily.com/1035595/the-grand-egyptian-museum-fully-opens-completing-gizas-new-cultural-landmark;https://wsdg.com/projects-items/grand-egyptian-museum/;;не проверен
Выставочные залы;Suzhou Museum of Contemporary Art (苏州当代美术馆);Jinji Lake Right Bank;Сучжоу;Китай;Азия;около 10600-11300 кв.м выставочной площади (общая площадь около 58800-59500 кв.м);BIG (Bjarke Ingels Group) с ARTS Group и Front Inc;н/д;"август 2025 (сдан после итоговой приёмки); публичное открытие анонсировано на 2026";"12 павильонов под единой волнистой кровлей, вдохновлённой черепичными карнизами классических садов Сучжоу; включает 4 главных выставочных зала.";https://english.suzhou.gov.cn/szsenglish/News/202508/b2ea5b22c23142bd9bb532f855407b59.shtml;"https://big.dk/projects/suzhou-museum-of-contemporary-art-18410 ; https://www.archdaily.com/1035969/suzhou-museum-of-contemporary-art-big — акустического консультанта в credits не указано, найден только поставщик звукового оборудования (Meyer Sound/Yamaha) по тендеру, не консультант";;не проверен
Выставочные залы;Natural History Museum Abu Dhabi;Saadiyat Cultural District;Абу-Даби;ОАЭ;Ближний Восток;более 35000 кв.м общей площади;Mecanoo;н/д;22 ноября 2025;"Пятиугольная геометрия отсылает к клеточным структурам; экспозиция посвящена 13,8 млрд лет естественной истории с акцентом на Аравийский регион.";https://www.archdaily.com/1036303/mecanoos-natural-history-museum-opens-in-abu-dhabis-saadiyat-cultural-district;;;не проверен
Выставочные залы;teamLab Phenomena Abu Dhabi;Saadiyat Cultural District;Абу-Даби;ОАЭ;Ближний Восток;17000 кв.м мультисенсорного пространства;teamLab Architects (внутренние объёмы), фасад — MZ Architects;AESG;18 апреля 2025;Музей без коллекции: экспонаты создаются самой средой (свет, вода, зеркала) по концепции 'Environmental Phenomena'.;https://www.theartnewspaper.com/2025/04/16/teamlab-vast-interactive-art-museum-opens-abu-dhabi;https://www.linkedin.com/posts/daniel-harrison-9a233627_aesgs-acoustics-team-recently-took-some-activity-7346825574264233984-sr_z;;не проверен
Выставочные залы;FENIX Museum of Migration;склад San Francisco Warehouse, Katendrecht;Роттердам;Нидерланды;Европа;16000 кв.м;MAD Architects (Ma Yansong), реставрация — Bureau Polderman;LBP|Sight;16 мая 2025;Первый культурный проект MAD в Европе: двойная спиральная лестница «Торнадо» прорастает сквозь кровлю столетнего склада на смотровую площадку.;https://www.dezeen.com/2025/05/14/mad-fenix-museum-rotterdam/;https://www.lbpsight.nl/projecten/kunstmuseum-fenix-rotterdam/ (LBP|SIGHT adviseerde over brandveiligheid, bouwfysica en bouwakoestiek);;не проверен
Выставочные залы;Princeton University Art Museum (новое здание);Princeton University;Принстон, Нью-Джерси;США;Северная Америка;13563 кв.м (146000 кв.футов);Adjaye Associates;Trinity Consultants;31 октября 2025;"Девять павильонов-«бункеров» из зубчатого сборного бетона с крупным заполнителем на срезанных углах; первый крупный проект Дэвида Аджайе после скандала.";https://www.dezeen.com/2025/10/31/adjaye-associates-princeton-university-art-museum/;https://trinityconsultants.com/featured-projects/princeton-university-art-museum-case-study/;;не проверен
Выставочные залы;Художественный музей Института китайской скульптуры (Art Museum of the China Sculpture Institute / 中国雕塑学会艺术馆);Sculpture Park, Shenshan Park;Уху;Китай;Азия;10370 кв.м площади (адаптивное переустройство бывшей теплицы);CVA Design (Beijing China Virtue Architectural Design), гл. арх. Chunli Zhang;н/д;2025 (завершение строительства, торжественное открытие с выставкой апрель 2026);"Реконструкция заброшенной оранжереи в парке скульптур; экспозиция разбита на пять тематических зон по системе стихий У-син.";https://www.archdaily.com/1037731/art-museum-of-the-china-sculpture-institute-cva-design;;photos/Art Museum of The China;ОК
Выставочные залы;Capital International Exhibition & Convention Centre (CIECC);CIECC, район Шуньи;Пекин;Китай;Азия;9 выставочных залов, конференц-центр на 9000 делегатов, свыше 611000 кв.м;Zaha Hadid Architects;н/д;фев.25;"Крупнейший и самый современный выставочно-конгрессный комплекс Пекина; медно-цветной фасад из 'лент', соединённых мостами-переходами между залами и отелем.";https://www.designboom.com/architecture/zaha-hadid-beijing-convention-center-copper-ciecc-china-02-21-2025/;"https://www.archdaily.com/1027243/captial-international-exhibition-and-convention-center-zaha-hadid-architects ; https://www.zha.com/projects/architecture/capital-international-exhibition-convention-centre — в опубликованных credits акустик не значится (указаны только структурные/MEP/транспорт/ландшафт консультанты)";;не проверен
Выставочные залы;Fondation Cartier pour l'art contemporain (новое здание);2 Place du Palais-Royal;Париж;Франция;Европа;8500 кв.м выставочного пространства;Jean Nouvel;AVEL Acoustique;25 октября 2025;"Переезд фонда в османовское здание бывшего универмага Grands Magasins du Louvre; пять подвижных этажей позволяют перестраивать экспозиционную конфигурацию.";https://www.dezeen.com/2025/10/21/fondation-cartier-museum-jean-nouvel/;https://ifdm.design/2026/02/07/a-museum-machine-for-the-fondation-cartier/ (Data sheet: Acoustic engineering: AVEL Acoustique);;не проверен
Выставочные залы;Dib Bangkok;н/д;Бангкок;Таиланд;Азия;около 7000 кв.м (132000 кв.футов участка);Kulapat Yantrasast / WHY Architecture;н/д;21 декабря 2025;"Первый в Таиланде музей, полностью посвящённый международному современному искусству; переоборудованный склад 1980-х годов с пилообразной кровлей и конической галереей у водного элемента.";https://news.artprice.com/en/12635/dib-bangkok-museum-the-new-contemporary-art-museum-transforming-bangkok-into-a-cultural-hub-in-southeast-asia;"https://www.a49.com/Projects/view/1202 ; https://dibbangkok.org/building ; https://www.archpaper.com/2026/01/why-architecture-dib-bangkok/ — акустический консультант в опубликованных credits не найден";;не проверен
Выставочные залы;Lawh Wa Qalam: M. F. Husain Museum;Education City, Qatar Foundation;Доха;Катар;Ближний Восток;более 3000 кв.м, свыше 150 экспонатов;Martand Khosla;н/д;28 ноября 2025;"Первый в мире музей, посвящённый художнику М.Ф. Хусейну; здание из геометрических объёмов основано на эскизе, который сделал сам художник.";https://www.dezeen.com/2025/12/03/lawh-wa-qalam-m-f-husain-museum-martand-khosla/;"https://www.dezeen.com/2025/12/03/lawh-wa-qalam-m-f-husain-museum-martand-khosla/ ; https://lawhwaqalam.org.qa/museum/";;не проверен
Выставочные залы;Zayed National Museum;Saadiyat Cultural District;Абу-Даби;ОАЭ;Ближний Восток;6 постоянных галерей, более 1500 экспонатов;Foster + Partners;RMP;3 декабря 2025;Пять стальных башен-«крыльев сокола» высотой до 123 м работают как термальные дымоходы для пассивного охлаждения.;https://www.prnewswire.com/news-releases/zayed-national-museum-is-open-to-the-public-in-abu-dhabi-302632228.html;https://rmp.biz/portfolio-posts/zayed-museum/;;не проверен
Выставочные залы;Xiao Feng Art Museum (肖峰美术馆);н/д;Ханчжоу;Китай;Азия;1298 кв.м;ZAO/standardarchitecture;н/д;2025;"Музей памяти художников Сяо Фэна и Сун Жэнь; угловатый бетонный объём петлёй огибает центральный двор по образцу китайских садов учёных.";https://www.dezeen.com/2025/12/22/zao-standardarchitecture-xiao-feng-art-museum/;"https://www.dezeen.com/2025/12/22/zao-standardarchitecture-xiao-feng-art-museum/ ; https://www.archdaily.com/1035415/xiao-feng-art-museum-zao-zhang-ke-architecture-office";;не проверен
Выставочные залы;Neues Kunstmuseum Tübingen (NKT);территория галереи Art 28;Тюбинген;Германия;Европа;"1200 кв.м чистой выставочной площади (нетто); также кинозал на ~50 мест";н/д (частный заказчик Бернхард Файль, галерея Art 28);н/д;8 марта 2025;"Новый частный музей построен всего за 14 месяцев; гибридная конструкция из дерева, стали и бетона, открылся выставкой Удо Линденберга, собравшей около 60000 посетителей.";https://www.halbe-rahmen.de/magazin/en/museumsneubau-tuebingen/;"https://www.reutlingen.ihk.de/firmennachrichten/nachricht/neues-kunstmuseum-tuebingen/ ; https://sonderthemen.swp.de/advertorials/neues-kunstmuseum-tuebingen-museums-und-ausstellungseroeffnung-74894/hechingen/architektur-zwischen-kunst-und-wissenschaft-231835";;не проверен
Выставочные залы;V&A East Storehouse;East Bank, Queen Elizabeth Olympic Park;Лондон;Великобритания;Европа;хранение и показ 250000 предметов, 350000 книг, 1000 архивов;Diller Scofidio + Renfro;Arup;2025;Открытое для публики рабочее хранилище музея V&A в переоборудованном ангаре Олимпийского вещательного центра 2012 года, с 20-метровым центральным залом.;https://www.dezeen.com/2025/12/05/top-museums-galleries-2025/;https://www.arup.com/en-us/projects/va-east-storehouse/ (см. раздел 'Services used': Acoustic consulting);;не проверен
Выставочные залы;Национальный выставочно-конгрессный центр (Kim Quy / Золотая черепаха);National Exhibition and Convention Center, Донг Ань;Ханой;Вьетнам;Азия;около 90 гектаров территории (один из крупнейших выставочных центров мира);н/д;н/д;19 августа 2025;"Крупнейший выставочный центр Юго-Восточной Азии; главный павильон 'Ким Куй' выполнен в форме золотой черепахи — священного животного во вьетнамской мифологии.";https://www.vietnam.vn/en/dong-luc-moi-tu-trung-tam-hoi-cho-trien-lam-quoc-gia;"https://vietnamnews.vn/society/1725509/national-exposition-centre-officially-inagurated.html ; https://vietnamnet.vn/en/vietnam-builds-world-s-largest-steel-dome-in-record-time-2431550.html — архитектор проекта (авторское бюро) и акустический консультант в открытых источниках не названы; известны только застройщик (Vingroup) и подрядчик стальных конструкций (Đại Dũng Corporation)";;не проверен
Выставочные залы;Малый выставочный зал «Дорога к Победе»;Минский международный выставочный центр BELEXPO;Минск;Беларусь;Россия и СНГ;н/д;ООО «Эркер групп» (ОАЭ-инвестор, генпроектировщик комплекса BELEXPO);н/д;8 мая 2025;"Первая универсальная конгрессно-выставочная площадка Беларуси, открыта к 80-летию Победы; постоянная экспозиция посвящена военной истории.";https://www.belexpo.by/media-tsentr/novosti/minskiy-mezhdunarodnyy-vystavochnyy-tsentr-belexpo-otkryt.html;"https://realt.onliner.by/2025/05/17/1023582 (архитекторы из компании ООО «Эркер групп»); площадь/вместимость именно малого выставочного зала «Дорога к Победе» и акустик в открытых источниках не найдены — оставлено н/д";;не проверен
Выставочные залы;Выставочные залы филиала Третьяковской галереи;Филиал Государственной Третьяковской галереи на острове Октябрьский;Калининград;Россия;Россия и СНГ;н/д;"архитектурное бюро «Меганом»; дизайн экспозиции — Юлия Наполова / бюро PSCulture";н/д;12 июня 2025;"Первая экспозиция «Пять веков русского искусства» — около 300 произведений из московского собрания; выставочные залы с естественным освещением и климат-контролем.";https://aindexproject.com/arhitektura-postoyannoj-ekspoziczii-gosudarstvennoj-tretyakovskoj-galerei-v-kaliningrade-vzglyad-iznutri/;"https://companies.rbc.ru/news/jQR3DwOJo7/filial-tretyakovki-v-kaliningrade-realizovan-po-proektu-wildteam/ — архитектурная концепция Меганом, конструктив/BIM WildTeam; акустический консультант выставочных залов не найден; для музейных экспозиционных пространств акустический консультант обычно не привлекается";;не проверен
Выставочные залы;Calder Gardens;н/д;Филадельфия;США;Северная Америка;подземные галереи (площадь не указана в источнике);"Herzog & de Meuron; ландшафт — Piet Oudolf";Metropolitan Acoustics;сен.25;Институция, посвящённая скульптору Александеру Колдеру: подземные галереи раскрыты бетонным разрезом в холме и круглым световым фонарём, окружены садом Пита Удольфа.;https://www.dezeen.com/2025/09/16/herzog-de-meuron-piet-oudolf-calder-gardens-philadelphia-completion/;"https://www.archdaily.com/1034362/calder-gardens-museum-herzog-and-de-meuron ; https://metro-acoustics.com/projects/calder-gardens/";;не проверен
Выставочные залы;Taichung Art Museum (Taichung Green Museumbrary);Taichung Green Museumbrary;Тайчжун;Тайвань;Азия;н/д (8 кубических объёмов музея и библиотеки);SANAA, с местным бюро Ricky Liu & Associates;н/д;13 декабря 2025;"Крупнейшее на сегодняшний день культурное здание SANAA; восемь кубов музея и библиотеки соединены извилистыми переходами и укутаны алюминиевой сеткой.";https://www.archdaily.com/1034405/sanaa-unveils-images-of-the-design-for-taichung-art-museum-and-library-complex-in-taiwan;"https://www.e-architect.com/taiwan/taichung-green-museumbrary ; https://cdn.archilovers.com/projects/82d3c7d7-8c7c-4b02-9280-78a99c43c0a9.pdf — акустик не указан в доступных пресс-материалах";;не проверен
Выставочные залы;Taichung Green Museumbrary (台中綠美圖);Taichung Green Museumbrary (совмещённые художественный музей и центральная библиотека);Тайчжун;Тайвань;Азия;н/д (площадь и выставочные залы, посадочных мест как в театре нет);SANAA (Kazuyo Sejima & Ryue Nishizawa);н/д;13 декабря 2025;Совмещённое здание художественного музея и центральной библиотеки от лауреатов Притцкеровской премии SANAA, новая доминанта района Шуйнань, проектировалось с 2019 года.;https://www.ctee.com.tw/news/20251213700706-430503;"https://tgm.taichung.gov.tw/; https://www.rdec.taichung.gov.tw/media/1232167/... — акустический консультант для аудитории/演講廳 не упомянут в доступных источниках";;не проверен
Кинозалы;Синема Санщайн Мисато;торговый центр Super Viva Home Misato;Мисато, преф. Сайтама;Япония;Азия;2481 (12 залов);н/д;звуковой дизайн — Йосикадзу Ивами (Miwa Iwanami), премиальный зал solaシアター;11 июля 2025;Крупный мультиплекс с новейшей RGB 4K-лазерной проекцией, форматом BESTIA (Dolby Atmos) и премиальным звуковым залом solaシアター, разработанным звукорежиссёром Йосикадзу Ивами.;https://prtimes.jp/main/html/rd/p/000000013.000024925.html;;;не проверен
Кинозалы;Кинозал бывшего кинотеатра «Целинный» (в составе Центра современной культуры «Целинный»);Центр современной культуры «Целинный»;Алматы;Казахстан;Россия и СНГ;"1536 (исторический зал; текущая конфигурация после реконструкции меньше, точное число мест не указано)";Asif Khan Studio (Лондон) совместно с казахстанским архитектором Заурой Айтаевой;н/д;5 сентября 2025;"Модернистский панорамный кинотеатр 1964 года (крупнейший экран в СССР) преобразован в культурный центр; восстановлено сграффито Евгения Сидоркина, часть повреждений оставлена видимой как «шрамы».";https://www.designboom.com/architecture/asif-khan-converts-modernist-soviet-cinema-kazakhstan-tselinny-center-contemporary-culture-09-27-2025/;;;не проверен
Кинозалы;MOVIX Хиросима-Эки;торговый комплекс «Минамоа» на вокзале Хиросимы;Хиросима;Япония;Азия;1387 (9 залов);н/д;н/д;24 марта 2025;Новый мультиплекс на 7-м этаже нового вокзального здания Хиросимы, 9 экранов, 1387 мест.;https://prtimes.jp/main/html/rd/p/000000012.000120347.html;;;не проверен
Кинозалы;Soho Theatre Walthamstow (бывший кинотеатр Granada);н/д;Лондон (Уолтемстоу);Великобритания;Европа;970;Pilbrow & Partners;AECOM;май.25;Реставрация кинотеатра Granada 1929 года (архитектор Cecil Massey, интерьеры Theodore Komisarjevsky в стиле Альгамбры) с уменьшением зала с 2700 до 970 мест под живые выступления.;https://www.architectsjournal.co.uk/buildings/pilbrow-partners-restores-alhambra-inspired-cinema-in-walthamstow;;;не проверен
Кинозалы;Grand Écran Fontenay-le-Comte;н/д;Фонтене-ле-Конт;Франция;Европа;750 (5 залов);Blamm Architecture;н/д;19 ноября 2025;"Заменил обветшавший тесный кинотеатр Le Renaissance; компактный объём из двух разновысоких блоков, изогнутые премиальные экраны во всех залах.";https://www.boxofficepro.fr/grand-ecran-nouveau-cinema-fontenay-le-comte-vendee/;;;не проверен
Кинозалы;Кинотеатр «Москва»;н/д;Минск;Беларусь;Россия и СНГ;"674 места в наибольшем зале; всего 4 зала: 674 + 215 + 46 + 46 мест";ОАО «Институт Белгоспроект» (гл. арх. проекта Валерий Куцко), консультант — соавтор первоначального здания Виктор Крамаренко;н/д;май 2025 (приурочено к 80-летию Победы);"Восстановление легендарного советского кинотеатра «Москва» с участием одного из его первоначальных авторов; торжественное открытие накануне 9 мая.";https://bsa.by/news/BUA/moskva-vernulas-legendarnyiy-kinoteatr-otkryilsya-v-minske;"https://kinominska.by/objects/17 ; https://ctv.by/news/obshestvo/samyj-bolshoj-kinozal-674-mesta-kak-preobrazilsya-kinoteatr-moskva-rasskazala-direktor";;не проверен
Кинозалы;Louis Malle Cinema;н/д;Prayssac;Франция;Европа;285 мест (2 зала: 205 + 80);Atelier Nastorg (Jean-Matthieu Nastorg) + Atelier Revel Architecture (Foucauld Revel);Orfea Acoustique;2025;Реконструкция кинотеатра им. Луи Маля в центре городка Прейсак (регион Ло) как драйвер возрождения центра города, площадь 900 кв.м.;https://www.archdaily.com/1037700/louis-malle-cinema-atelier-nastorg-plus-atelier-revel-architecture;https://www.cahorsvalleedulot.com/activites/cinema-louis-malle-2/;photos/Louis Malle Cinema;ОК
Кинозалы;OMA Cinema (зал IMAX, Vox Cinemas);Mall of the Emirates (Vox Cinemas);Дубай;ОАЭ;Ближний Восток;255;OMA (Office for Metropolitan Architecture);н/д;май.25;"Реконструкция существующего зала IMAX с сохранением проекционной и экрана; семь круглых «капсул»-лож по 5 мест, экран 23×12,3 м, 12-канальный звук.";https://www.forbes.com/sites/bennyhareven/2025/05/09/oma-cinema-imax-and-vox-cinema-collaboration-opens-in-dubai/;;;не проверен
Кинозалы;Élysées Lincoln (3 зала: L'Audito, Le Studio, Le Club);н/д;Париж;Франция;Европа;224 (145+42+37);"Louis Denavaut (интерьеры); Alain Balzac, ателье aBfM (архитектура)";н/д;окт.25;Старейший (1969) мультиплекс Елисейских Полей превращён в «бутик-кинотеатр» люкс-формата с тремя разными по колориту залами в духе Уэса Андерсона.;https://www.designboom.com/architecture/historic-parisian-cinema-reborn-pink-tones-velvet-louis-denavaut-revamp-12-11-2025/;;;не проверен
Кинозалы;Forum Morioka 8・9・10;новое здание рядом с MOSS Building;Мориока;Япония;Азия;197 (3 зала);н/д;н/д;24 октября 2025;Новый городской (не пригородный) мультиплекс в центре Мориоки, крупнейший зал впервые оснащён Dolby Atmos (30 динамиков), работает совместно с соседним 7-зальным Forum Morioka.;https://www.nikkei.com/article/DGXZQOCC2347O0T21C25A0000000/;;;не проверен
Кинозалы;Кинозал и аудиториум Музея королевы Софии (бывший зал 1987 г.);Museo Nacional Centro de Arte Reina Sofía, здание Сабатини;Мадрид;Испания;Европа;133 места (platea);"BACH (Jaume Bach, Anna & Eugeni Bach); первоначальный проект 1987 г. — Jaume Bach и Gabriel Mora";Provitec / Juan Manuel Martín (инженерия звука и изображения, участвовали в улучшении акустических характеристик зала);2025;Переосмысление исторического аудиториума: тёмно-синий сводчатый потолок как «ночное небо», красный бархат, увеличенный уклон кресел, подвешенный треугольник над сценой служит акустическим экраном.;https://www.designboom.com/architecture/bach-reina-sofia-historic-auditorium-red-velvet-cinema-starry-blue-vault-madrid-11-03-2025/;"https://bacharquitectes.com/reina-sofia-museum-cinema-and-auditorium/ ; https://www.expansion.com/fueradeserie/arquitectura/2026/01/05/694191a8e5fdea23308b45bf.html";;не проверен
Кинозалы;87-местный кинозал-аудитория (87-seat cinema and lecture theatre);Schwarzman Centre for the Humanities, University of Oxford;Оксфорд;Великобритания;Европа;87;Hopkins Architects;Arup (акустик Ian Knowles) — Arup выполнил проектирование фасада и акустики всего комплекса Schwarzman Centre for the Humanities, включая концертный зал, чёрный ящик и репетиционные пространства;1 октября 2025;Комбинированный кинозал и лекционная аудитория в подвальном уровне центра гуманитарных наук Оксфорда.;https://cherwell.org/2025/10/01/oxford-schwarzman-centre-opens/;https://www.arup.com/news/arup-delivers-facade-and-acoustic-engineering-for-oxford-universitys-new-cultural-campus/;;не проверен
Кинозалы;Eclipse Cinema;бывшая фабрика Sherrin;Мельбурн (Коллингвуд);Австралия;Океания;64;н/д;н/д;28 августа 2025;Бутик-кинотеатр на один экран в здании бывшей фабрики мячей Sherrin, с сохранённым фасадом 1920-х годов.;https://concreteplayground.com/melbourne/arts-entertainment/now-open-eclipse-cinema-collingwood;;;не проверен
Кинозалы;Культурный центр «Большевик» (бывший кинотеатр, первый звуковой кинотеатр Кольского Заполярья);н/д;Кировск;Россия;Россия и СНГ;н/д;н/д;н/д;13 декабря 2025;Капитальный ремонт исторического здания 1932 года — первого звукового кинотеатра Кольского полуострова — с сохранением внешнего облика.;https://ria.ru/20251213/chibis-2061890865.html;;;не проверен
Кинозалы;Kino (кинотеатр Folkets Bio);здание бывшего банка Carl Bergsten, 1912;Лунд;Швеция;Европа;н/д (4 зала разного размера);FOJAB;н/д;15 марта 2025;"Расширение кинотеатра Folkets Bio в здание неороманского банка 1912 года со стеклянным сводом фойе; 4 зала, бистро, пространство для лекций и концертов.";https://fojab.se/en/topical/from-bank-palace-to-movie-house-fojab-has-designed-new-cinema/;;;не проверен
Залы библиотек;SMVIT Library;Sir M. Visvesvaraya Institute of Technology campus;Бангалор;Индия;Азия;н/д (площадь 101 299 кв.футов);Cadence Architects (Smaran Mallesh, Narendra Pirgal);н/д;мар.25;Монументальный объём из открытого бетона на пилотисах служит университетским узлом-коннектором между общежитиями и учебными корпусами, вписан вокруг существующих деревьев.;https://world-architects.com/en/architecture-news/building-of-the-week/smvit-library;https://www.archdaily.com/1034143/smvit-library-cadence-architects;;не проверен
Залы библиотек;Appleton Public Library;н/д;Эплтон, Висконсин;США;Северная Америка;н/д (площадь здания 93 000 кв.футов);Skidmore, Owings & Merrill (SOM);Kirkegaard;15 февраля 2025 (публичное открытие после реконструкции);"Реконструкция бруталистского здания 1981 года с геотермальным отоплением/охлаждением и изогнутым стеклянным входным павильоном; зеркальное стекло фасада заявляет о библиотеке в городском пейзаже.";https://www.jsonline.com/story/news/local/2025/02/15/anticipation-turns-to-joy-as-appleton-opens-40-million-public-library/78536887007/;;;не проверен
Залы библиотек;Taichung Public Library (Taichung Green Museumbrary);Taichung Green Museumbrary;Тайчжун;Тайвань;Азия;н/д (площадь комплекса ок. 58 000 кв.м на два учреждения);SANAA (Kazuyo Sejima, Ryue Nishizawa) совместно с Ricky Liu & Associates Architects + Planners;н/д;13 декабря 2025;Центральная библиотека Тайчжуна объединена с художественным музеем в единый комплекс из восьми стеклянно-металлических объёмов под концепцией «библиотека в парке, музей в лесу».;https://www.archdaily.com/1034405/sanaa-unveils-images-of-the-design-for-taichung-art-museum-and-library-complex-in-taiwan;https://www.e-architect.com/taiwan/taichung-green-museumbrary;;не проверен
Залы библиотек;Mesa Gateway Library;н/д;Меса, Аризона;США;Северная Америка;28146 кв.фт (площадь здания, ~2615 кв.м);Richärd Kennedy Architects;н/д;2025;"Складчатая кровля образует защитный навес над разными функциональными зонами по образцу рыночных залов; финалист IFLA Public Library of the Year 2026.";https://www.ifla.org/news/shortlist-ploty-2026/;"https://willmeng.com/pf/mesa-gateway-library/ ; https://www.bdcnetwork.com/building-sector-reports/cultural-facilities/libraries/news/55363429/mesa-ariz-opens-its-first-new-public-library-in-30-years";;не проверен
Залы библиотек;Médiathèque de Bayonne;н/д;Байонна;Франция;Европа;н/д (2400 кв.м открытой для публики площади из 4200 кв.м общей);Atelier Cambium + Deshoulières Jeanneau;н/д;23 октября 2025;Реконструкция и удвоение площади центральной медиатеки с цифровой лабораторией, аудиторией на 90 мест и выставочным залом.;https://www.culture.gouv.fr/regions/drac-nouvelle-aquitaine/creation-industries-culturelles/le-livre-et-la-lecture-en-nouvelle-aquitaine/bayonne-inaugure-sa-mediatheque-nouvelle-generation;https://cabinetfaure.fr/references-cat/rehabilitation/;;не проверен
Залы библиотек;Xiong'an Library (雄安图书馆);н/д;Сюнъань;Китай;Азия;3500 читательских мест;Tianjin University General Institute of Architecture Design and Planning;н/д;27 сентября 2025;"Первое городское учреждение культуры новой зоны Сюнъань, фасад в виде бамбуковых дощечек с адаптивными ламелями-жалюзи, интегрированы человекоподобные роботы-библиотекари; вошла в шорт-лист IFLA Public Library of the Year 2026.";https://www.ifla.org/news/shortlist-ploty-2026/;https://www.xiongan.gov.cn/20250928/b59040b9d59247b699f4bca052f12791/c.html;;не проверен
Залы библиотек;Xi'an Library (Chang'an Academy / 长安书院西安图书馆新馆);Chang'an Academy (长安书院);Сиань;Китай;Азия;3000 читательских мест;Zhao Yuanchao (赵元超), China Northwest Architecture Design and Research Institute Co., Ltd.;н/д;январь 2025 (пробная эксплуатация с 8 января, офиц. открытие в течение месяца);"Волнообразная кровля здания напоминает раскрытую книгу; 18 функциональных зон и фонд в 3 млн томов, включая тематический зал «Литературные корни Сианя».";https://www.cnr.cn/sxpd/dmsx/20250109/t20250109_527036085.shtml;;;не проверен
Залы библиотек;Médiathèque Jean d'Ormesson;Le Nouveau 167;Нёйи-сюр-Сен;Франция;Европа;н/д (площадь 3000 кв.м);Atelier du Pont (Anne-Cécile Comar, Philippe Croisier) с DDL architecte associé;Peutz France;2025;Полностью застеклённый фасад, целый этаж отведён под цифровое творчество (3D-принтеры, студия аудиовизуального производства).;https://chroniques-architecture.com/a-neuilly-mediatheque-jean-dormesson-par-atelier-du-pont/;https://fr.linkedin.com/posts/atelier-du-pont_vendredi-19-septembre-2025-l%C3%A9quipe-de-atelier-activity-7376664532234047488-Ud4G;;не проверен
Залы библиотек;Anqing Library (安庆市图书馆新馆);Бинцзян ECD, культурный парк нефтебаков;Аньцин;Китай;Азия;около 1000 читательских мест;Anhui LANE LAND Design and Planning Design Co., Ltd. (安徽坊地建筑景观规划设计有限公司);н/д;"30 марта 2025 (официальное открытие; пробная эксплуатация с августа 2024)";Четыре бывших нефтяных резервуара переоборудованы и соединены в единое здание библиотеки, в том числе зал редких книг на 86 000 томов.;https://www.aqlib.cn/newsinfo/8196392.html;https://www.gooood.cn/anqing-riverside-ecd-oil-tank-eco-cultural-district-by-anhui-lane-land-design-and-planning-design-co-ltd.htm;;не проверен
Залы библиотек;Biblioteca Pública Municipal Francisco Umbral (Biblioteca de los Mil Soles);н/д;Мадрид (Бутарке, Вильяверде);Испания;Европа;"н/д (площадь 776 кв.м; названа обладателем самого большого читального зала района)";MADC & Partners (Miguel Ángel Díaz Camacho);н/д;20 июня 2025;"Победитель конкурса Colegio de Arquitectos de Madrid; фасад с «тысячей солнц» — системой отражённого и рассеянного света для затенённого участка; лауреат приза за устойчивость на Premios de Arquitectura 2025.";https://www.expansion.com/fueradeserie/arquitectura/2025/10/16/68ebd44ee5fdeaa62b8b459f.html;https://tectonica.archi/projects/biblioteca-de-los-mil-soles-en-madrid-de-miguel-angel-diaz-camacho-madc-partners/;;не проверен
Залы библиотек;West Las Vegas Library;н/д;Лас-Вегас, Невада;США;Северная Америка;н/д (событийный центр 340 кв.м);KME Architects / Moody Nolan;Schwob Acoustics;2025;"Библиотека для исторического афроамериканского района Westside с образом «крыльца» на входе, сертифицирована LEED Silver; финалист IFLA Public Library of the Year 2026.";https://www.ifla.org/news/shortlist-ploty-2026/;https://www.linkedin.com/posts/schwob-acoustics_jaw-dropping-new-historic-westside-library-activity-7404632398942121985-PENd;;не проверен
Залы библиотек;Médiathèque Caroline;н/д;Монако;Монако;Европа;300;Christian Curau Architecte;н/д;11 декабря 2025;Новое здание объединяет три прежних библиотечных площадки Монако в одном современном пространстве для детей, подростков, взрослых и исследователей.;https://lobservateurdemonaco.com/infos/la-nouvelle-mediatheque-de-monaco-ouvrira-ses-portes-le-11-decembre-2025/;https://www.monaco-tribune.com/2025/12/le-prince-albert-ii-la-princesse-caroline-et-charlotte-casiraghi-inaugurent-un-lieu-culturel-inedit-a-monaco/;;не проверен
Залы библиотек;Lei Wa Lakom Library;Programa Parallel Gives;деревня Казоле, Занзибар;Танзания;Африка;н/д (площадь 100 кв.м);Parallel Studio (главный архитектор Mai Al Busairi);н/д;25 декабря 2025;Небольшая климатоадаптивная деревенская библиотека для детей, второй реализованный проект социальной программы Parallel Gives после Mariam's Library.;https://archello.com/project/lei-wa-lakom-library;;;не проверен
Залы библиотек;The Spencer Building (Corpus Christi College Library);Corpus Christi College, University of Oxford;Оксфорд;Великобритания;Европа;55 читательских мест (плюс 6 исследовательских столов);Wright & Wright Architects;Max Fordham;октябрь–декабрь 2025 (строит. завершение окт. 2025, офиц. открытие лордом Хейгом 6 дек. 2025);Первое расширение библиотеки колледжа за 500-летнюю историю, сертифицировано по стандарту Passivhaus, три читальных зала из латуни и дуба увеличили число мест для занятий на 60%.;https://www.dezeen.com/2025/11/18/wright-wright-the-spencer-building/;https://www.maxfordham.com/projects/spencer-building-corpus-christi-college-university-of-oxford;;не проверен
Залы библиотек;Library+ Caloundra;н/д;Калаундра, Саншайн-Кост;Австралия;Океания;н/д;Wilson Architects;н/д;2025;"Адаптивное переустройство пустующего гражданского здания 1990-х в библиотеку-хаб с рейтингом 6 Star Green Star, солнечными панелями и накопителями энергии; финалист IFLA Public Library of the Year 2026.";https://www.ifla.org/news/shortlist-ploty-2026/;https://www.sunshinecoast.qld.gov.au/council/planning-and-projects/major-regional-projects/caloundra-cbd-project/cal-library;;не проверен
Залы библиотек;Huis73 (мультизальный культурный центр);Huis73;Хертогенбос;Нидерланды;Европа;н/д;Korteknie Stuhlmacher Architecten;Peutz;22 мая 2025;Два национальных памятника архитектуры объединены в мультифункциональный культурный центр (библиотека, любительское искусство, музыкальное и театральное образование) с акустическим решением твёрдых исторических поверхностей.;https://www.huis73.nl/nieuws/huis73-opent-deuren-met-ceremonie-waarin-de-stad-samenkomt;;;не проверен
Прочие залы;Roig Arena;н/д;Валенсия;Испания;Европа;20000 (концертная конфигурация) / 15600 (баскетбол);HOK совместно с ERRE Arquitectura;Vanguardia (a Buro Happold company);сентябрь 2025 (первое мероприятие 6 сентября);"Мультифункциональная арена (дом баскетбольного клуба Valencia Basket) с фасадом из 8600 керамических ламелей; открыта концертом-трибьютом Нино Браво.";https://efe.com/comunidad-valenciana/2025-09-06/selfis-en-la-fachada-y-elogios-a-la-estetica-y-acustica-en-la-apertura-del-roig-arena/;"https://www.burohappold.com/projects/roig-arena/; https://vanguardia.co.uk/projects/roig-arena/ | https://www.thestadiumbusiness.com/2025/09/08/roig-arena-stages-first-event/";;не проверен
Прочие залы;Greater Bay Area Arena;Greater Bay Area Sports Centre;Гуанчжоу (Наньша);Китай;Азия;20000 (баскетбол и другие индор-мероприятия);Zaha Hadid Architects совместно с Guangdong Architectural Design and Research Institute (GDAD);н/д;2025 (первые мероприятия с 5 декабря 2025);"Изогнутые формы арены и стадиона на 60000 мест вдохновлены корпусами парусных судов эпохи Сун; часть 70-гектарного прибрежного парка.";https://www.dezeen.com/2025/11/26/greater-bay-area-sports-centre-zaha-hadid-architects/;;;не проверен
Прочие залы;Avicii Arena (реконструкция);н/д;Стокгольм;Швеция;Европа;16000;HOK, CF Møller Architects;Efterklang;фев.25;Крупнейшая после MSG Sphere сферическая арена мира (открыта в 1989) прошла полную модернизацию инженерных систем и мест при сохранении охраняемой сферической оболочки.;https://www.dezeen.com/2025/02/07/spherical-avicii-arena-reopens-stockholm/;https://efterklang.org/projects/avicii-arena-stockholm/;;не проверен
Прочие залы;The Dome Nasrec (Goldrush Dome);н/д;Йоханнесбург;ЮАР;Африка;"10500 (по данным анонса Live Nation; на церемонии открытия заявлено 6000)";н/д;н/д;"январь 2025 (открытие для событий); официально открыт 11 февраля 2025";Первая постоянная площадка Live Nation в Африке рядом со стадионом FNB, крупнейший специализированный концертно-выставочный зал ЮАР площадью более 6000 м².;https://www.travelnews.co.za/article/massive-new-multi-purpose-venue-set-to-open-in-jhb;"https://www.travelnews.co.za/article/massive-new-multi-purpose-venue-set-to-open-in-jhb; https://stadiummanagement.co.za/the-dome/ — архитектор не назван ни в одном источнике; акустика/техническое оснащение обеспечивается Gearhouse Group как техническим партнёром, но выделенного акустического консультанта не найдено";;не проверен
Прочие залы;Addis International Convention Center (AICC);н/д;Аддис-Абеба;Эфиопия;Африка;до 10000 (два зала по 3000-4000 + 8 малых/средних залов);Universal Consultants (арх. Brook Teklehaimanot Haileselassie);н/д;1 марта 2025;Крупнейший конгресс-центр Эфиопии, открыт премьер-министром Абием Ахмедом как часть проекта коридорного развития Аддис-Абебы.;https://www.ena.et/web/eng/w/eng_6076988;"https://ketemajournal.com/story/aicc-addis-international-convention-center/; https://www.ena.et/web/eng/w/eng_6076988";;не проверен
Прочие залы;Centre des Congrès de Nîmes;н/д;Ним;Франция;Европа;н/д (площадь 8000 кв.м);3XN совместно с Chabanne;Marshall Day Acoustics (акустическое проектирование), Scenarchie (сценография);2025 (статус Completed 2025);Конгресс-центр деликатно вписан в исторический центр Нима рядом с римским амфитеатром и храмом Мезон-Карре.;https://3xn.com/project/palais-des-congres;;;не проверен
Прочие залы;Trofa Town Hall;н/д;Трофа;Португалия;Европа;6232 кв.м (площадь здания);NOARQ | José Carlos Nunes de Oliveira;InAcoustics;2025;"Здание ратуши, получившееся из реконструкции и расширения старого промышленного здания в тёмный кирпичный «Дом для всех»; World Building of the Year 2025 по версии World-Architects.";https://world-architects.com/en/architecture-news/found/town-hall-in-portugal-wins-building-of-the-year;https://www.archdaily.com/1018065/trofa-town-hall-noarq | https://www.inacoustics.com/en/portfolio/trofa_town_hall/;;не проверен
Прочие залы;Jyoti-Bishnu Antarjatik Kala Mandir (Jyoti Bishnu Prekshagriha);н/д;Гувахати;Индия;Азия;5000;н/д;н/д;"август 2025 (открытие для мероприятий); официальное открытие 29 декабря 2025";Крупнейший многофункциональный аудиториум северо-востока Индии на солнечной энергии, назван в честь культурных деятелей Ассама, вмещает конференции и концерты до 5000 человек.;https://www.inavateapac.com/case-studies/article/a-flexible-flagship-jyoti-bishnu-prekshagriha-auditorium;;;не проверен
Прочие залы;Al-Mujadilah Centre and Mosque for Women;Education City;Доха;Катар;Ближний Восток;н/д (площадь 4600 кв.м);Diller Scofidio + Renfro;Charcoalblue (в кредитах: Technology Specialist, AV, and Acoustics);2025;"Первая в мусульманском мире специально построенная современная мечеть для женщин; молитвенный зал повёрнут на 17° к Мекке под волнистой перфорированной каменной кровлей.";https://www.dezeen.com/2025/06/06/womens-mosque-al-mujadilah-centre-qatar-diller-scofidio-renfro/;https://dsrny.com/project/al-mujadilah-center-and-mosque-for-women;;не проверен
Прочие залы;Eczacıbaşı Sports Hall;н/д;Стамбул;Турция;Ближний Восток;4000 (соревновательная арена);Yazgan Design Architecture;Mezzo (Akustik Projesi / Akustik Danışmanı);2025;Многофункциональный волейбольный зал по стандартам FIVB/CEV с музеем спортклуба и полностью покрытой солнечными панелями кровлей.;https://architizer.com/projects/eczacibasi-sports-hall-2/;https://yapidergisi.com/eczacibasi-spor-salonu/;;не проверен
Прочие залы;Rathaus Hohenems (новая ратуша);н/д;Хоэнемс;Австрия;Европа;2030 кв.м чистой площади (Nettoraumfläche), >80 рабочих мест;Berktold Weber Architekten;н/д;2025;Шестиэтажная деревянная ратуша со скульптурным фасадом из еловых панелей и центральным многоуровневым атриумом, построена по принципам Cradle2Cradle.;https://afasiaarchzine.com/2025/11/town-hall-hohenems-berktold-weber/;https://www.hohenems.at/news/neues-hohenemser-rathaus-projekt-im-zeitplan/;;не проверен
Прочие залы;Главный зал Tashir Arena;Tashir Arena;Ереван;Армения;Россия и СНГ;2000;н/д;н/д;24 октября 2025;"Купол высотой 27 м с мультимедийными системами; манеж-трансформер спроектирован для цирковых шоу, спорта и концертов, аналогов в СНГ, по заявлению создателей, нет.";https://yerevan.today/ru/v-erevane-otkrylsya-ne-imeyushhij-analogov-v-sng-tashir-arena/;"https://tashirarena.am/ru/about-us/ ; https://yerevan.today/ru/v-erevane-otkrylsya-ne-imeyushhij-analogov-v-sng-tashir-arena/ — искали architect и acoustics, ни в одном источнике не названы ни архбюро, ни акустический консультант (упомянуты только поставщики звукового/светового оборудования Adamson/ACME). Оставлено н/д.";;не проверен
Прочие залы;MOSI Digital Dome Theatre (Saunders Planetarium);Museum of Science & Industry (MOSI);Тампа;США;Северная Америка;более 330;н/д;н/д;1 апреля 2025;Второй по величине планетарий Америки с экраном 10000 кв.футов и 8K-проекцией, заменил старый зал на 46 мест.;https://mosi.org/americas-second-largest-planetarium-now-open-at-tampas-mosi/;;;не проверен
Прочие залы;Dorrance DOME (планетарий);Arizona Science Center;Финикс;США;Северная Америка;205 (200 премиум-мест: 112 фиксированных + 88 подвижных, плюс 5 ADA-мест);DLR Group;DLR Group (собственная акустическая и аудиовизуальная служба);17 октября 2025;Один из самых технологически продвинутых цифровых куполов мира на системе Cosm CX System LED Dome.;https://www.azscience.org/about/news-room/2025/dorrance-dome-now-open-to-the-public/;"https://www.azscience.org/experience/dorrance-dome/; https://www.dlrgroup.com/work/arizona-science-center-planetarium-renovation/";;не проверен
Прочие залы;Spartanburg Planetarium Auditorium;Spartanburg Planetarium Learning Center;Спартанберг;США;Северная Америка;136;McMillan Pazdan Smith Architecture;н/д;17 октября 2025;Новый планетарно-образовательный центр площадью 28000 кв.футов на средства округа и частных доноров ($15 млн).;https://www.postandcourier.com/spartanburg/news/spartanburg-planetarium-learning-center-opened/article_1c625256-7342-4f51-93ff-5814788344db.html;"https://www.postandcourier.com/spartanburg/news/spartanburg-planetarium-learning-center-opened/article_1c625256-7342-4f51-93ff-5814788344db.html; https://www.mcmillanpazdansmith.com/spartanburg-planetarium-to-break-ground-this-fall-with-design-by-mcmillan-pazdan-smith/";;не проверен
Прочие залы;Osvaldo N. Soto Miami-Dade Justice Center;н/д;Майами;США;Северная Америка;46 залов суда присяжных + 4 резервных;HOK;н/д;10 ноября 2025;23-этажное здание судов площадью 620000 кв.футов заменило исторический суд 1928 года, где судили Аль Капоне.;https://justicedesignnews.com/news/gleaming-new-miami-dade-justice-center-debuts-downtown/;;;не проверен
Прочие залы;Jami At-Taqwa Mosque;н/д;Чибинонг;Индонезия;Азия;н/д;Ismail Solehudin Architecture;н/д;2025;Молитвенный зал с складчатыми кирпичными стенами и кровлей, форма которых метафорически отражает акт земного поклона (суджуд).;https://www.designboom.com/architecture/pleated-brick-walls-folding-facade-java-mosque-ismail-solehudin-architecture-jami-at-taqwa-mosque-cibinong-indonesia-10-07-2025/;;;не проверен
Прочие залы;Techo International Airport (главный терминал, первая очередь);н/д;Пномпень;Камбоджа;Азия;н/д (терминал 235500 кв.м);Foster + Partners;Sandy Brown;2025 (первая очередь открыта для публики);"Головное здание и северный пирс нового аэропорта отражают камбоджийскую традиционную архитектуру и тропический ландшафт; южный пирс достроят к 2030.";https://www.archdaily.com/1035263/techo-international-airport-by-foster-plus-partners-opens-in-phnom-penh-cambodia;https://www.archdaily.com/1035264/techo-international-airport-cambodia-foster-plus-partners;;не проверен
Прочие залы;China National Convention Center Phase II;н/д;Пекин;Китай;Азия;н/д (площадь 418680 кв.м);2Portzamparc (Elizabeth de Portzamparc);н/д;2025 (официально открыт);"Изогнутая форма фасада с многочисленными проёмами навеяна образом взлетающих птиц; здание завершает пекинскую центральную ось на севере.";https://www.archdaily.com/1034910/china-national-convention-center-phase-ii-2portzamparc-elizabeth-de-portzamparc;;;не проверен
Театральные залы;Twyford Theatre;н/д;Меримбула, Новый Южный Уэльс;Австралия;Океания;199;Michael Marshman & Associates;н/д;11 апреля 2025;Новый театральный зал.;https://thetwyford.com.au/about/twyford-theatre-construction-faq/;;;не проверен
Прочие залы;The Pinnacle;н/д;Нашвилл, Теннесси;США;Северная Америка;4500;HOK;н/д;27 февраля 2025;Концертная площадка в Nashville Yards, 4500 мест, HOK.;https://en.wikipedia.org/wiki/The_Pinnacle_(music_venue);;;не проверен
Музыкальные залы;Ceremony;н/д;Окленд, Калифорния;США;Северная Америка;1000;н/д;н/д;7 марта 2025;Музыкальная площадка на 1000 мест, D&B Audiotechnik.;https://oaklandside.org/2025/02/14/ceremony-new-music-venue-downtown/;;;не проверен
Музыкальные залы;Channel 24;н/д;Сакраменто, Калифорния;США;Северная Америка;2150;н/д;н/д;24 апреля 2025;Концертная площадка на 2150 мест, оператор Another Planet Entertainment.;https://channel24sac.com/venue-info;;;не проверен
Музыкальные залы;Blue Note Los Angeles;Blue Note;Лос-Анджелес;США;Северная Америка;200 + 100;н/д;н/д;6 августа 2025;Джаз-клуб Blue Note на Сансет-бульваре: главный зал 200 мест + зал B-Side на 100 мест.;https://www.dailynews.com/2025/08/15/blue-note-las-opening-night-with-robert-glasper-kicks-off-with-a-bang-and-a-hi-hat;;;не проверен
Прочие залы;Toyota Arena Tokyo;н/д;Токио;Япония;Азия;10000;н/д;н/д;3 октября 2025;Многофункциональная арена в Одайбе (Аоми), ~10 000 мест, генподрядчик Kajima.;https://global.toyota/en/newsroom/corporate/38650021.html;;;не проверен
Прочие залы;Arena Guadalajara;н/д;Гвадалахара, Халиско;Мексика;Латинская Америка;20000;н/д;н/д;2 октября 2025;Вторая по величине арена Мексики, 20 000 мест, оператор Zignia Live.;https://www.iqmagazine.com/2025/10/mexicos-arena-guadalajara-to-open-after-months-of-delays;;;не проверен
Прочие залы;OG&E Coliseum;н/д;Оклахома-Сити;США;Северная Америка;8000;Populous;н/д;11 июня 2025;Новая арена на территории OKC Fairgrounds, ~8000 мест, Populous.;https://okcfairpark.com;;;не проверен
Прочие залы;TD Coliseum;н/д;Гамильтон, Онтарио;Канада;Северная Америка;~18500;н/д;акустические панели — да;21 ноября 2025;Реконструкция FirstOntario Centre (бывш. Copps Coliseum), ~17 000 мест, оператор Oak View Group.;https://en.wikipedia.org/wiki/TD_Coliseum;;;не проверен
Прочие залы;Vive Claro;н/д;Богота;Колумбия;Латинская Америка;40000;н/д;н/д;27 июля 2025;Концертный стадион на 40 000 мест в районе Салитре, оператор OCESA Colombia.;https://www.iqmagazine.com/2025/06/all-star-lineup-opening-colombia-vive-claro/;;;не проверен
Прочие залы;The Dome;н/д;Вирджиния-Бич;США;Северная Америка;5000;н/д;н/д;2 мая 2025;Концертная площадка Atlantic Park, 3500 мест (до 5000 в амфитеатр-режиме), Live Nation.;https://virginiabeach.gov/connect/news/bold-new-oceanfront-entertainment-venue-the-dome-set-for-construction-completion-spring-2025;;;не проверен
Прочие залы;Rogers Stadium;н/д;Торонто;Канада;Северная Америка;50000;BaAM Productions;н/д;29 июня 2025;Временный концертный стадион на 50 000 мест (Downsview), Live Nation.;https://en.wikipedia.org/wiki/Rogers_Stadium;;;не проверен
Прочие залы;Kai Tak Stadium;Kai Tak Sports Park;Гонконг;Гонконг;Азия;50000;н/д;н/д;1 марта 2025;Открытый стадион спортпарка Kai Tak, 50 000 мест, раздвишной крыша.;https://en.wikipedia.org/wiki/Kai_Tak_Sports_Park;;;не проверен
Выставочные залы;Edelman Fossil Park & Museum;н/д;Мантау Тауншип, Нью-Джерси;США;Северная Америка;н/д;Ennead Architects;н/д;мар.25;Музей и палеонтологический парк Rowan University, Ennead + KSS.;https://www.efm.org/;;;не проверен
Выставочные залы;Naoshima New Museum of Art;н/д;Наосима;Япония;Азия;н/д;Tadao Ando;н/д;май.25;Новый музей современного искусства, 10-я работа Тадао Андо для Benesse Art Site.;https://benesse-artsite.jp/en/art/nnmoa.html;;;не проверен
Выставочные залы;Almaty Museum of Arts;н/д;Алматы;Казахстан;Россия и СНГ;н/д;Chapman Taylor;н/д;12 сентября 2025;Музей современного искусства, 10 060 м², Chapman Taylor.;https://www.almaty.art/news/almaty-museum-of-arts-opens-on-12-september-2025;;;не проверен
Выставочные залы;Studio Museum in Harlem (новое здание);н/д;Нью-Йорк;США;Северная Америка;н/д;Adjaye Associates + Cooper Robertson;н/д;15 ноября 2025;Новое здание музея, 82 000 кв. футов, 7 этажей.;https://www.studiomuseum.org/press/studio-museum-in-harlem-opens-to-the-public-on-saturday-november-15;;;не проверен
Выставочные залы;Shenzhen Science & Technology Museum;н/д;Шэньчжэнь;Китай;Азия;н/д;Zaha Hadid Architects;н/д;2 мая 2025;Музей науки и технологий, 35 000 кв. м экспозиций.;https://www.archdaily.com/1029730/zaha-hadid-architects-completes-the-shenzhen-science-and-technology-museum;;;не проверен
Выставочные залы;Yellow River National Museum;н/д;Чжэнчжоу;Китай;Азия;н/д;gmp Architekten;н/д;2025;Национальный музей Жёлтой реки, gmp, 100 300 м².;https://www.archdaily.com/1031402/yellow-river-national-museum-building-and-park-gmp-architects;;;не проверен
Выставочные залы;Qinling Museum;н/д;Шанло, Шэньси;Китай;Азия;н/д;CSADI;н/д;2025;Первый комплексный музей экологии и культуры гор Циньлин, CSADI.;https://www.archdaily.com/1041191/qinling-museum-csadi;;;не проверен
Прочие залы;Wave Cube;н/д;Шанхай;Китай;Азия;н/д;Scenic Architecture Office;н/д;2025;Многофункциональный культурный центр, Scenic Architecture Office.;https://www.archdaily.com/1039118/wave-cube-scenic-architecture-office;;;не проверен
Залы библиотек;Rahmah Library;н/д;Кейптаун;ЮАР;Африка;н/д;The MAAK;ARUP (инженер);2025;Библиотека школы Rahmaniyeh (District Six), The MAAK, 215 м².;https://www.archdaily.com/1033750/rahmah-library-the-maak;;;не проверен
Залы библиотек;Amsterdam University Library;н/д;Амстердам;Нидерланды;Европа;н/д;MVSA + Buro Van Stigt;н/д;1 сентября 2025;Новая университетская библиотека на Binnengasthuis, 16 000 м², MVSA + Buro van Stigt.;https://mvsa-architects.com/en/projects/amsterdam-university-library/;;;не проверен
Залы библиотек;Clinton Branch Library;н/д;Клинтон, Южная Каролина;США;Северная Америка;н/д;Studio 2LR + Studio Shea;н/д;2025;Новый филиал библиотеки Laurens County, 10 800 кв. футов, Studio 2LR + Studio Shea.;https://studio2lr.com/portfolio_page/clinton-branch-library;;;не проверен
Залы библиотек;West Wickham Library;н/д;Уэст-Уикхем;Великобритания;Европа;н/д;Brimelow McSweeney Architects;н/д;27 июня 2025;Повторное открытие после многомиллионной реконструкции: кафе, бизнес-лаундж, детская библиотека.;https://www.bromley.gov.uk/news/article/842/state-of-the-art-west-wickham-library-reopens-this-month;;;не проверен
Залы библиотек;Lappeenranta Main Library (реконструкция);н/д;Лаппеэнранта;Финляндия;Европа;н/д;LPR Architects;н/д;2025;Реконструкция главной библиотеки (peruskorjaus 2022–2025), здание 1974 года.;https://directory.libraries.fi/lappeenranta-main-library;;;не проверен
Залы библиотек;Břetislav Kafka Library;н/д;н/д (Чехия);Чехия;Европа;н/д;Papundekl Architects;н/д;2025;Библиотека Бржетислава Кафки.;не удалось подтвердить — вероятно, ошибочная запись (требует проверки);;;не проверен
Лекционные залы;Grappone Hall / Saint Anselm College;Saint Anselm College;Манчестер, Нью-Гэмпшир;США;Северная Америка;200;Lavallee Brensinger Architects;н/д;2025;Новый корпус Jean School of Nursing and Health Sciences с аудиториумом, 45 000 кв. футов.;https://www.anselm.edu/about/anselmian-hub/news/college-celebrates-grappone-hall-new-home-jean-school-nursing-and-health-sciences;;;не проверен
Лекционные залы;Bispebjerg Hospital educational building;Bispebjerg Hospital;н/д (Дания);Дания;Европа;200 аудитория + 100 зал;BBP Arkitekter;н/д;2025;Учебный корпус больницы с аудиториями.;не удалось подтвердить — требует проверки;;;не проверен
Музыкальные залы;Centennial Arts Center, Concord Academy;Concord Academy;Конкорд, Массачусетс;США;Северная Америка;н/д;н/д;н/д;2025;Центр искусств: 125-местный музыкальный зал и 175-местный театр.;https://concordacademy.org/about/our-campus/centennial-arts-center;;;не проверен
Концертные залы;Andermatt Concert Hall;н/д;Андерматт;Швейцария;Европа;650;Studio Seilern Architects;н/д;2025;Концертный зал.;https://www.cladglobal.com, https://amadeus-acoustics.com;;;не проверен
Концертные залы;Cultural Palace Concert Hall;Культурный дворец;Дрезден;Германия;Европа;1800;н/д;акустические инженеры (упом.);2025;Концертный зал Культурного дворца.;https://www.cladglobal.com;;;не проверен
Концертные залы;Salle/Zaal Elisabeth;н/д;Брюссель;Бельгия;Европа;400–600;н/д;Kahle Acoustics;2025;Концертный зал.;https://www.kahle-acoustics.com;;;не проверен
Концертные залы;La Source Vive;н/д;Эвиан;Франция;Европа;~500;Patrick Bouchain, Philippe Chiambaretta (PCA-Stream);н/д;2025;Концертный зал.;https://chroniques-architecture.com;;;не проверен
Концертные залы;Концертный зал ДШИ №12;Детская школа искусств №12;Омск;Россия;Россия и СНГ;200;н/д;н/д;2025;Концертный зал детской школы искусств.;https://omsk.mk.ru;;;не проверен
Театральные залы;Татарский государственный академический театр им. Г. Камала (новое здание);Театр им. Г. Камала;Казань;Россия;Россия и СНГ;"1347 (4 зала; камерный — 241)";Wowhaus, Kengo Kuma & Associates, Werner Sobek;н/д;20 января 2025;Новое здание театра, до 1300 зрителей в 4 залах.;https://entermedia.io/city/novyj-teatr-kamala-ofitsialno-otkryt-rasskazyvaem-10-faktov-o-sovremennom-meste-prityazheniya/;;;не проверен
Театральные залы;Delacorte Theater (реконструкция);н/д;Нью-Йорк;США;Северная Америка;1872 (открытый);Ennead Architects;н/д;2025;Открытый театр в Центральном парке.;https://www.archpaper.com;;;не проверен
Театральные залы;New Hall at Dailes Theatre;Театр Дайлес;Рига;Латвия;Европа;н/д;н/д;н/д;2025;Новый зал театра Дайлес.;https://amberstone.lv;;;не проверен
Театральные залы;Andover Theatre;н/д;Андовер;Великобритания;Европа;410 (главный), всего до 1000;Burrell Foley Fischer (BFF);н/д;2025;Театральный комплекс.;https://www.architectsjournal.co.uk;;;не проверен
Музыкальные залы;Дом музыки (главный зал);Дом музыки;Смоленск;Россия;Россия и СНГ;436;Владимир Плоткин (TPO Reserve);н/д;2025;Главный зал Дома музыки.;https://www.goldtrezzini.ru, https://archi.ru;;;не проверен
Музыкальные залы;Дом музыки (камерный зал);Дом музыки;Смоленск;Россия;Россия и СНГ;172;Владимир Плоткин (TPO Reserve);н/д;2025;Камерный зал Дома музыки.;https://www.goldtrezzini.ru, https://archi.ru;;;не проверен
Музыкальные залы;Дом музыки (органный зал);Дом музыки;Смоленск;Россия;Россия и СНГ;250;Владимир Плоткин (TPO Reserve);н/д;2025;Органный зал Дома музыки.;https://www.goldtrezzini.ru, https://archi.ru;;;не проверен
Музыкальные залы;Концертный зал в Крынице-Морской;н/д;Крыница-Морская;Польша;Европа;362;SLAS Architekci;н/д (естественная акустика);2025;Концертный зал.;https://www.dezeen.com;;;не проверен
Лекционные залы;Lecture Hall Building;н/д;н/д (Германия);Германия;Европа;~700;Bez+Kock Architekten;н/д;2025;Здание лекционных аудиторий.;https://www.archdaily.com;;;не проверен
Лекционные залы;Lecture Hall (Гамбург);н/д;Гамбург;Германия;Европа;700;Nickl & Partner;н/д;2025;Лекционный зал.;https://www.uni-hamburg.de;;;не проверен
Лекционные залы;Lecture Halls (Лейден);н/д;Лейден;Нидерланды;Европа;250–700;Civic Architects;н/д;2025;Лекционные залы.;https://worldarchitecture.org;;;не проверен
Лекционные залы;Constitution Auditorium;н/д;Вильнюс;Литва;Европа;более 250;Valerijus Starkovskis;н/д;2025;Лекционный аудиториум.;https://www.tf.vu.lt;;;не проверен
Выставочные залы;Portlantis;н/д;Роттердам;Нидерланды;Европа;н/д;MVRDV;н/д;2025;Выставочный центр порта.;https://www.archiposition.com;;;не проверен
Выставочные залы;National Medal of Honor Museum;н/д;н/д (США);США;Северная Америка;площадь ~3000 м²;Rafael Viñoly Architects;н/д;2025;Музей Национальной медали Почёта.;https://www.permasteelisagroup.com;;;не проверен
Кинозалы;Movie Town Cinema Complex;н/д;Гонконг;Гонконг;Азия;всего >1600 (7 залов);н/д;н/д;2025;Кинокомплекс из 7 залов.;https://www.linkedin.com;;;не проверен
Залы библиотек;Gosford Regional Library;н/д;Госфорд;Австралия;Океания;300 (многофункц.);Lahznimmo Architects;н/д;2025;Региональная библиотека.;https://architectureau.com;;;не проверен
Залы библиотек;DeValera Library & Súil Art Gallery;н/д;н/д (Ирландия);Ирландия;Европа;н/д;Keith Williams Architects;н/д;2025;Библиотека и художественная галерея.;https://www.architectsjournal.co.uk;;;не проверен
Прочие залы;Heidelberg Town Hall;н/д;Гейдельберг;Германия;Европа;1020 (всего 2900);Waechter + Waechter Architekten BDA;н/д;2025;Новая ратуша с залами.;https://www.mbbm-bso.com;;;не проверен
Прочие залы;Tonhain;н/д;Берлин;Германия;Европа;99;Tietz & Tietz – Architektur & Design;н/д;2025;Студия / малый зал.;https://studiodeschutter.com;;;не проверен
Концертные залы;Arena Musicae;н/д;Сачиле;Италия;Европа;н/д;н/д (из местного дерева);н/д (акустическое совершенство);2025;Открытая концертная арена.;https://intrieste.com;;;не проверен
Музыкальные залы;Light of the North Musical Art Center;н/д;Сяйнятсало;Финляндия;Европа;н/д;Chuxin Tuoyuan studio (Meng Zhao);н/д (оптимизированная акустика);2025;Музыкальный центр.;https://sayart.net;;;не проверен
Музыкальные залы;Elkton Music Hall;н/д;Элктон;США;Северная Америка;300 (трансформируемый);н/д;н/д;2025;Музыкальный зал.;https://cecilcountysportsweekly.com;;;не проверен
Театральные залы;Калужский ТЮЗ;ТЮЗ;Калуга;Россия;Россия и СНГ;377 (большой), 91 (малый);н/д;н/д;2 июня 2025;Театр юного зрителя.;https://ru.wikipedia.org/wiki/Калужский_областной_театр_юного_зрителя;;;не проверен
Театральные залы;Театр юного зрителя (Кукмор);н/д;Кукморский р-н, Татарстан;Россия;Россия и СНГ;н/д;н/д;н/д;2025;Театр юного зрителя.;не удалось подтвердить — требует проверки;;;не проверен
Театральные залы;Backyard Theatre;н/д;Уотчет;Великобритания;Европа;90;н/д (волонтёры);н/д;2025;Малый театр на 89–90 мест в Уотчете, переоборудованная кегельбанная аллея.;https://www.backyard-theatre-watchet.uk;;;не проверен
Театральные залы;Gem Theatre and Star Saloon;н/д;Афина, Орегон;США;Северная Америка;н/д;н/д;н/д;24 октября 2025;Повторное открытие исторического театра 1901 года после 20 лет волонтёрской реставрации.;https://eastoregonian.com/2025/10/23/athenas-gem-theatre-to-celebrate-opening-weekend/;;;не проверен
Прочие залы;ДК «Горняк»;Дом культуры;Черемшанка;Россия;Россия и СНГ;200 (зрительный зал);н/д (быстровозводимый);н/д;2025;Дом культуры со зрительным залом.;"не удалось подтвердить (город Черемшанка не подтверждён; найден ДК Горняк в Черемхово) — требует проверки";;;не проверен
Кинозалы;Кинозал «Мир кино»;н/д;Октябрьский (Богучанский р-н);Россия;Россия и СНГ;н/д;н/д;н/д;24 декабря 2025;Переоборудованный кинозал в сельском ДК посёлка Октябрьский.;https://www.krsk.kp.ru/online/news/6739913/;;;не проверен
Кинозалы;Saltash Studios Cinema;н/д;Солташ;Великобритания;Европа;65;н/д (бывший банк);н/д;2025;Кинозал в бывшем банке, 65 мест.;https://www.cornish-times.co.uk/news/saltashs-secret-cinema-gem-becomes-local-favourite-808337;;;не проверен
Кинозалы;Кинозал в Троицком;н/д;Троицкий (Губкинский г.о.);Россия;Россия и СНГ;н/д;н/д;н/д;2025;Кинозал.;не удалось подтвердить — требует проверки;;;не проверен
Залы библиотек;Модельная библиотека (Саракташ);н/д;Саракташ, Оренбургская обл.;Россия;Россия и СНГ;н/д;н/д;н/д;1 июля 2025;Модельная библиотека нового поколения, Центральная районная библиотека.;https://novierub56.ru/2025/07/02/saraktash-poluchil-sovremennuyu-modelnuyu-biblioteku/;;;не проверен
Залы библиотек;Модельная библиотека (Наро-Фоминск);н/д;Наро-Фоминск;Россия;Россия и СНГ;н/д;н/д;н/д;2025;Модельная библиотека.;не удалось подтвердить — требует проверки;;;не проверен
Прочие залы;Community Center (Блейрстаун);н/д;Блейрстаун;США;Северная Америка;75;н/д;н/д;2025;Повторное открытие исторического здания American Legion (Givens-Belet) как общественного центра.;https://www.lehighvalleylive.com/warren-county/2025/06/historic-american-legion-hall-reopens-as-community-center-in-blairstown.html;;;не проверен
Концертные залы;Концертный зал Кильского замка;Кильский замок;Киль;Германия;Европа;1400;gmp · von Gerkan, Marg und Partner + bbp: architekten;н/д;2025 (реконструкция завершена);Концертный зал в замке.;https://www.archdaily.com/1038120/concert-hall-at-kiel-castle-gmp-architects;;;не проверен
Концертные залы;Kohl Hall, Colburn Center;Colburn Center;Лос-Анджелес;США;Северная Америка;1100;Фрэнк Гери (Frank Gehry);н/д;осень 2025 (завершение строительства);Концертный зал.;https://www.violinist.com/blog/laurie/202510/30531/;;;не проверен
Музыкальные залы;Концертный зал Средней специальной музыкальной школы «Сириус»;Музыкальная школа «Сириус»;Сириус (федеральная территория, Сочи);Россия;Россия и СНГ;н/д;н/д;Ясухиса Тойота (Nagata Acoustics);2025;Первый в мире акустический проект для музыкальной школы.;https://xn----8sbwaafbgebmvqgqj.xn--p1ai/1402-koncertnyy-kompleks-sirius.html;;;не проверен
Театральные залы;Театр оперы и балета (Севастополь);н/д;Севастополь;Россия;Россия и СНГ;1100 (большой зал);н/д;н/д;2025 (финальная стадия строительства);Театр оперы и балета.;https://www.metropolis-group.ru/projects/mnogofunktsionalnye-kompleksy/teatr-opery-i-baleta/;;;не проверен
Театральные залы;Foundry Theatre;The Star;Сидней;Австралия;Океания;360 (630 стоя);н/д;н/д;11 февраля 2025;Театр в комплексе The Star.;https://en.wikipedia.org/wiki/Foundry_Theatre;;;не проверен
Музыкальные залы;Актовый зал учебно-лабораторного корпуса ТюмГУ;ТюмГУ;Тюмень;Россия;Россия и СНГ;н/д;н/д;н/д;2025;Актовый зал нового корпуса университета.;https://www.utmn.ru/new-building/;;;не проверен
Лекционные залы;Корпус поточных аудиторий НГУ;НГУ;Новосибирск;Россия;Россия и СНГ;до 1700 студентов;н/д;н/д;1 сентября 2025;Корпус поточных аудиторий.;https://nso.ru/news/72861;;;не проверен
Лекционные залы;Многоуровневый конференц-зал кампуса УрФУ;Кампус УрФУ;Екатеринбург;Россия;Россия и СНГ;700;«Синара-Девелопмент» (концепция);н/д;2025;Конференц-зал кампуса.;https://sinara-development.ru/media/news/prezident-rossii-vladimir-putin-otkryl-kampus-urfu-v-ekaterinburge/;;;не проверен
Выставочные залы;Музейно-выставочный центр «ЗИЛАРТ»;н/д;Москва;Россия;Россия и СНГ;более 5000 кв. м, 4 зала;Сергей Чобан, «СПИЧ»;н/д;1 декабря 2025;Музейно-выставочный центр.;https://www.mos.ru/mayor/themes/13766050/;;;не проверен
Выставочные залы;Выставочный зал Мастерской Давида Боровского;Театральный музей им. А.А. Бахрушина;Москва;Россия;Россия и СНГ;н/д;н/д;н/д;2025;Выставочный зал.;https://www.tadviser.ru/index.php/Компания:Театральный_музей_им._А.А._Бахрушина;;;не проверен
Выставочные залы;The Frick Collection (после реставрации);н/д;Нью-Йорк;США;Северная Америка;н/д;Selldorf Architects + Beyer Blinder Belle;н/д;17 апреля 2025;Повторное открытие после реставрации.;https://www.designboom.com/architecture/frick-collection-new-york-museum-reopening-annabelle-selldorf-03-26-2025/;;;не проверен
Выставочные залы;New Museum (расширение);н/д;Нью-Йорк;США;Северная Америка;н/д;OMA (Рем Колхас, Шохэй Сигэмацу) + Cooper Robertson;н/д;"2025 (строительство завершено; открытие март 2026)";Расширение New Museum.;https://www.newmuseum.org/press-release/new-museum-to-open-oma-designed-building-expansion-in-fall-2025/;;;не проверен
Выставочные залы;Espace Gabrielle Chanel;Power Station of Art;Шанхай;Китай;Азия;1700 кв. м;Кадзунари Сакамото;н/д;24 ноября 2025;Арт-библиотека и выставочный зал.;https://hypebeast.com/2025/11/chanel-espace-gabrielle-chanel-shanghai-power-station-art;;;не проверен
Кинозалы;Кинозал «Горький Холл» (кинозавод «Москино»);Кинозавод «Москино»;Москва;Россия;Россия и СНГ;н/д;н/д;н/д;2025;Реконструкция аварийного зала в многофункциональный кинозал.;https://www.sobyanin.ru/moskovskii-kinoklaster-v-2025godu-novye-ploschadki-partnerstva-i-proekty;;;не проверен
Кинозалы;Летний кинотеатр парка «Остров Мечты»;Парк «Остров Мечты»;Москва;Россия;Россия и СНГ;н/д;н/д;н/д;май.25;Летний кинотеатр.;https://www.ingos.ru/company/blog/2025/luchshie-kinoteatry-moskvy;;;не проверен
Кинозалы;Edinburgh Filmhouse (повторное открытие);н/д;Эдинбург;Великобритания;Европа;н/д;н/д;н/д;июн.25;Повторное открытие кинотеатра после закрытия в 2022.;https://en.wikipedia.org/wiki/Edinburgh_Filmhouse;;;не проверен
Прочие залы;Kai Tak Arena (Grand Hall);Kai Tak Sports Park;Гонконг;Гонконг;Азия;10000 (80% трансформируемых);Populous;н/д;1 марта 2025;Арена спортпарка Kai Tak.;https://populous.com/article/populous-designed-kai-tak-sports-park-opens-in-hong-kong;;;не проверен
Прочие залы;Aichi International Arena (IG Arena);н/д;Нагоя;Япония;Азия;17000 (7800 для сумо);Кэнго Кума (Kengo Kuma);н/д;13 июля 2025;Международная арена.;https://en.wikipedia.org/wiki/Aichi_International_Arena;;;не проверен
Прочие залы;Seoul Arena;н/д;Сеул;Республика Корея;Азия;до 28000;н/д;н/д;окт.25;Концертная арена.;https://uoblive.asia/blog/asias-premier-concert-venues-top-destinations-for-international-artists;;;не проверен
